Id	Label	Modularity Class
1	Hell yeah! @wwwbigbaldhead https://t.co/r9Nl1d3kL7	4.000000
2	Yes franz https://t.co/sNzF0XGPku	5.000000
3	@beaunerforbeau THANK YOU xx _	1.000000
4	Bookies seldom wrong https://t.co/5BFifE7lhU	3.000000
5	No words. _ https://t.co/6uwddkrKf9	3.000000
6	@Kathleenmilwar1 wow,  wonderful @LincsSkies	3.000000
7	@ParabhjotR  wish we were snails __ https://t.co/kAYcqQBgu5	4.000000
8	SATH overall winners  #PFMAwards2016 https://t.co/62nfMJysdl	3.000000
9	Jets they could not win	3.000000
10	@PeterJamieson1 6 weeks with PTSD?	3.000000
11	@sejwick No way!	5.000000
12	Twitter, aptly summed up https://t.co/CijBIM4IGL	3.000000
13	@sahrammohamed @veinedqueen why is this so true _	5.000000
14	The value of true friendship! https://t.co/4CMoloYSAS	5.000000
15	@beehiven17 The Beehive #Tottenham https://t.co/9iWcOM1Q5P @redarmyridingclub @redarmyrc https://t.co/KbNHPRyhH1	5.000000
16	Totally me! #NoPainNoGain #4DaysToGo #lexylife https://t.co/275HlJ8yqY	3.000000
17	So so so buzzing for @JAWSJAWSJAWSSS tomorrow ___	1.000000
18	A weeks time ________	3.000000
19	#ThursdayThought - what's your your why? @ https://t.co/NdL3JvKfAB	1.000000
20	Today is my Thursday	4.000000
21	Welcome to..... #thursday https://t.co/wM7ZLptawj	4.000000
22	Any thoughts ? _ https://t.co/krevOmZg0m	1.000000
23	Chest tattoo this weekend _	5.000000
24	@themarklittle it's assault surely?	5.000000
25	still creasing that vid is 10	1.000000
26	Still trying to work out if this is aimed at @msmith850 or @mrjakehumphrey https://t.co/iURynp9O17	5.000000
27	_ 10 Tweets to start your Thusday  https://t.co/ulsD0jEHlU	2.000000
28	#CarScratch #Bumperscuff – We like repair this sort of damage. https://t.co/SPr0i6hNHI https://t.co/vR6HJ78zba  Che… https://t.co/EQLDrXXC5J	5.000000
29	it sits &amp	5.000000
30	@wafflerica thanks for the shout out!	3.000000
31	@colwicknews thank you for sharing my photograph	3.000000
32	Seems we've been scammed.	1.000000
33	The secret of success: stop wishing, start doing.	2.000000
34	This is a scary way to wakeup https://t.co/3SOOb9dIG8	5.000000
35	Wake me up Can't wake up Save me https://t.co/nLvlqH8h4n	2.000000
36	#ThursdayThoughts to saving £100 &amp	1.000000
37	Rushing into work to talk #TheMissing theories with @letitiataylor.... #mindblown	3.000000
38	@Stannie655 @btsportcricket yep sadly ruins coverage	5.000000
39	LOOOOOOOOOOOOOOOOOOOOOOOOOOOOOOOOOOOOOOOOOOOOOOOOOOOOOOOOOOOOOOOOOOOOOOOOOOOOLL WHOLE DAY RUINED https://t.co/6loZAlb2Si	5.000000
40	Roll on Sunday. Can't wait _	3.000000
41	This is the right attitude. __ https://t.co/UgTap25STV	5.000000
42	I woke up and thought it was real_	3.000000
43	Breeding Stock Sale #readallaboutit https://t.co/Hlo72hb042	3.000000
44	@mattslaymaker I should have waved! Ran to Beckenham!	5.000000
45	@AskPayPal I’m not signing in to Lithium to read your reply, put it in Twitter	5.000000
46	For thou hast been a shelter for me, and a strong tower from the enemy. Psalms 61:3 KJV https://t.co/GjcBIiwpct	3.000000
47	@TeamSurreyGolf there might be time but I can't promise	3.000000
48	@Woking_WAOS are doing pride &amp	3.000000
49	Which do you prefer and why? #JustForFun https://t.co/4bziXVt2Nk	1.000000
50	@StroudVilla 2-0 please #VPL	3.000000
51	Can today be Saturday please? _	3.000000
52	@spanish_ryan have a pick me up	3.000000
53	Just posted a photo @ Putney Embankment https://t.co/sDx4VVqSsi	3.000000
54	@randombrandon16 that's perfect then _	5.000000
55	Pay day __	1.000000
56	Worldwide Signings open today from 10 to 4 @wwsignings @romshoppinghall https://t.co/a9jTKFNEqm	3.000000
57	@IGersLondon to @igersbirmingham visit @ZindiyaMoseley - restaurant opening soon @VisitBritain @GoodFoodGuideUK… https://t.co/8xl4zgVK7T	3.000000
58	@TheTellyRocket ok Rodders.	2.000000
59	#Smartphones in store now! Plus trade in your old #tech to… https://t.co/RCic8uBOeE	2.000000
60	@LeonardREW @Pumpkin_Bailey Noted.	5.000000
61	Possibly the worst nights sleep ever____	3.000000
62	@lizbethkelly84 The new series? x	5.000000
63	Soooooooooooooo tired. Need s day off just to sleep	5.000000
64	@bethie1997 @ItsFoodPorn they're needed for munchies	3.000000
65	Nearly the weekend! But working Sunday...so nearly Saturday___	3.000000
66	#NAME?	5.000000
67	@Matt_Isard oh gosh, should I treat myself *that* much	4.000000
68	MPs &amp	3.000000
69	Morning _	4.000000
70	@suziperry MORNING SUZI	4.000000
71	@LouiseHazel I must say... I'm really digging your morning motivational posts __ #KEEPITGOING	4.000000
72	'Legia Warsaw' just started trending with 17534 tweets. More trends at https://t.co/do7Hdxwcnc #trndnl	2.000000
73	MOOD https://t.co/CFszsUS6dR	5.000000
74	being wrapped up this morning is getting me in the mood for #Copenhagen only 26 sleeps!… https://t.co/6wArYB4lkT	5.000000
75	#poppyday @poppylegion I've got mine.! Have you got yours?… https://t.co/2dwjP8iVgQ	3.000000
76	The Medieval Midday Feast @IvoryVaults On 15 Dec 2016 at 12:15 pm - 4:00 pm, https://t.co/0FkKa7Szmg,… https://t.co/vJHTYSpqJ8	2.000000
77	All these military men at #LiverpoolStreet _________	5.000000
78	@CmdrChrisGreany @martin5671 @NCA_LynneOwens @HMICCunningham @HMICgov Disrupting networks without prosecutions cant be measured effectively	5.000000
79	This means you, @williamhoad https://t.co/0zXMLUGdfE	3.000000
80	They are now mate that's the Tory way people after profit https://t.co/TGcc27uJz4	5.000000
81	X marks the spot https://t.co/mWyxhUPggN	5.000000
82	When the side man gets to smash in shows i shout at the tv i swear ___ get in ladddd ____	3.000000
83	@ChristchurchPom make something yummy! Have a baked potato or something :P	5.000000
84	@toryboypierce it makes you wonder if he has any secrets on the other members?, it's a disgrace	2.000000
85	The Madrid pizza (Spicy chorizo, prawns, roasted red peppers, garlic, mozzarella topped with… https://t.co/9VmjjkQfnv	3.000000
86	@amyselwyn @Brittany_MSgirl 'liked' by Ms Wagner! Made my night (well, morning as it's 0125 in U.K.) #WorldSeries #lastchancecubs	4.000000
87	@jennyanne1973 The marshmallow one sounds lovely but unfortunately not veggie _	1.000000
88	A woman just used the word 'totes' out loud... https://t.co/8D52mLLZI8	3.000000
89	@loomisroberto  Liveuamap is a Ukrainian outfit	3.000000
90	train spotting 2 trailer looks unreal!	3.000000
91	#Repost @leepickering16 ___ Paul looking concerned for my well-being pre-deadlift. He's so… https://t.co/ED68ueJ2vy	1.000000
92	@VirginTrains @Virgin ok so from London to Manchester? #NeverEndingTicket	2.000000
93	'trainspotting' is now trending in #London https://t.co/fimKBeLaKK	3.000000
94	@London_W4 @NikkiW4Theatre morning fellow hotsteppers how are we today?	2.000000
95	@RealDealRoss @MENnewsdesk just means that North London is about to be redefined.	2.000000
96	@MiSoulTweets Throwback Thursday on Mi-Lunch on Mi-Soul 12-2pm. See you at midday on Mi-Soul London wide DAB &amp	2.000000
97	Never has Waterloo looked or sounded so splendid of a morning #foottapping @ London Waterloo… https://t.co/cHQYKCvKPD	2.000000
98	Lol you wild https://t.co/k5txu94dEl	5.000000
99	World series... Lol	5.000000
100	Make sure you tune in from 2.30pm live on https://t.co/PfsOaO3odb https://t.co/Oq9X2PrZjY	5.000000
101	Make sure you tune in tomorrow from 2.30pm live on https://t.co/PfsOaO3odb https://t.co/Oq9X2PrZjY	5.000000
102	@kblondell @CapgeminiUKppl @stephaniebish17 Awaiting Sonal's list but looked about 80ish	5.000000
103	@RealDysonator @LindtUK @RichieFirth Portsmouth Gunwharf Quay has a shop ____	5.000000
104	Have this to lift a mood a little: https://t.co/g4EJCT9G6J	5.000000
105	too tired for life_	5.000000
106	@CaoilfhionnRose why a Dolomites Ski Safari will ruin your life forever...https://t.co/gC7jj2xFbQ https://t.co/jCNNKcCnW6	5.000000
107	I've never let it get in the way of my life.  x https://t.co/g2Lk6baifR	3.000000
108	Loving leaves in London at the moment! __#bethnalgreen https://t.co/ilbNPZSojt	2.000000
109	Today we learn about how powerful politics are and the values of democracy. https://t.co/dnXC1m5Dmh	5.000000
110	Teach to learn- learn to teach!__ #yoga https://t.co/5EN1A4ULJ3	3.000000
111	#MoonruMugam will be getting remaked and the lead role by @offl_Lawrence @superstarrajini @realradikaa	4.000000
112	Level 2 fish and pastry assessment!! Last one of the year....emotional.....@bigGeveleigh @TrainingStoreys @RikRazza https://t.co/2QbBVN1AL5	3.000000
113	Or ladies https://t.co/dYnYbx7IEN	5.000000
114	I mean, I know that a lot of people slapped you with words, but you thought they were just being complimentary. https://t.co/XHwa3KVbWE	3.000000
115	#societyawards16 is now trending in United Kingdom https://t.co/XPcNasT1iN	2.000000
116	Time to wake up Caco @ London, United Kingdom https://t.co/zUnGjrQ1zM	2.000000
117	What a way to start the day!! _____ @ London, United Kingdom https://t.co/eAMdEghIg4	2.000000
118	@Mollzer_King are… https://t.co/8xsFuZKByd	4.000000
119	For some reason i used to like that song when i was a kid https://t.co/iNRAlLVr4v	4.000000
120	@kaylagreenxo ly xx	1.000000
121	Jus the gif @BigTeebz_ https://t.co/LzFQrLZzG7	5.000000
122	@RogerHighfield @jimalkhalili "weak joke" _	5.000000
123	@Zendaya please review these to vids they are jokes https://t.co/Ssj8bZA3rK and https://t.co/kb6B9KVqV7	1.000000
124	@Cory_John_98 show me one other dive lol...	5.000000
125	I have this same issue _ https://t.co/CG1YoUu3jN	3.000000
126	@RealDealRoss @MENnewsdesk which, ironically, would be a hipster's paradise.	3.000000
127	Location shoot Eastbourne.                          Model nicoclores  #iphone #photography… https://t.co/prklEbiM6S	2.000000
128	Interesting. VCs investing in Banks.@BatteryVentures @a16z @RibbitCapital put money in @crossriverbank… https://t.co/QD7Ll1vC2t	5.000000
129	_ waiting time = instagram time _ @ Underground Tube https://t.co/0TxyH2d6dW	2.000000
130	If your inspiration is unhindered you are unstoppable.	1.000000
131	So PEEL inspections next year for the FRS? https://t.co/ls72am6nOm	4.000000
132	Mother Nature is pretty incredible sometimes ___ @ Bisley, Surrey https://t.co/8cVs98i5LI	1.000000
133	other important matters   https://t.co/qwSAKAWWqp	5.000000
134	my throat rlly hurts https://t.co/o11ajh62FO	3.000000
135	Humans should hibernate	5.000000
136	And trample human rights at the same time https://t.co/9pSpmo4BZf	5.000000
137	On Wednesday 2, #ElenaGilbertIsRisingParty was Trending Topic in Worldwide for 11 hours: https://t.co/gNuB01Cb6k #trndnl	3.000000
138	The largest number of Trends in Worldwide for Wednesday 2 was at 18 hours: https://t.co/gNuB01Cb6k https://t.co/E1Jb9IHHe2	3.000000
139	WHY IS THIS TRAIN NOT MOVING! Trying not to scream out loud on this horribly still tube.	1.000000
140	This woman's restrained understatement about a horrible time of her life is very moving #r4today	1.000000
141	@666TIFFANYC Morning Tiffany hope you like this _ https://t.co/0ERrXTFWFN	4.000000
142	Hopefully this shows how efficient it can be! #honk https://t.co/mLKyd33Wna	5.000000
143	Wow.. Less than 10% left for @CheeseTruckLDN to hit their £100k crowdfund target! Investors, get involved sharpish! https://t.co/E9OHQCu2q5	3.000000
144	Cor winter's here __	4.000000
145	Same here https://t.co/7UC1jBH0Rj	3.000000
146	@dyannesw @TheGrifter @centas here's hoping for 12 off in November!! _	3.000000
147	Hello London!	2.000000
148	@LisaLovesToRun OMG where is the Mexican heat!!!	1.000000
149	@WillsNewman nobody wants to hear about you being windy and wet	3.000000
150	#DigitalLearning #digitaleducation #digitalliteracy is key in #healthcare #mhealth #digitalhealth More in… https://t.co/M2ko0ZbnKk	2.000000
151	@Spinneroonie1 @jackie1stevens_ with you there mate - knob heads - keep up the tradition :-)	1.000000
152	OMG hate my life	1.000000
153	@katienolan getting all this hate right now, I haven't got a negative thing in the world to say. Much love.	1.000000
154	Today really ought to have been a "hat day". It's freeeeeeeezing! https://t.co/eyKjzP9s72	3.000000
155	The hashtag #EMABiggestFansJustinBieber took the 5th place in the Top20 of London's Trends for Wednesday 2: https://t.co/puArP2wK8B #trndnl	2.000000
156	58% of the United Kingdom's Trends for Wednesday 2 were hashtags: https://t.co/OI39P72dzc #trndnl	2.000000
157	The hashtag #NCASC2016 took the 4th place in the Top20 of United Kingdom's Trends for Wednesday 2: https://t.co/OI39P72dzc #trndnl	2.000000
158	If you want to hear true passion listen to @billyeldridge18 talk about hash browns	1.000000
159	Happy birthdayy @jemswarrington __	1.000000
160	Happy #NationalSandwichDay _ https://t.co/IATYoWgpue	5.000000
161	@CarenDraper1 Wow! Happy hens indeed!	1.000000
162	@zonimustaqeem what happened there?	5.000000
163	A tattoo or piercing may happen on this trip.	5.000000
164	Nothing happens until something moves... https://t.co/pv8uAWsyfi	5.000000
165	@NorthEastEDL lol this is what happens when you put a woman in charge !__	5.000000
166	Not many parts of the world involved is there? This is why Trump happened 'merica. Use your thoughts. #WorldSeries	5.000000
167	Misty mornings on the Heath  #chasingautumn _ @ Hampstead Heath https://t.co/krTSjvLzjL	2.000000
168	@RAIL @julian_glover Will they sell this at the West Ham merchandise shop? #COYI  :-)	5.000000
169	For Tottenham playing at Wembley see West Ham playing at the Olympic Stadium __	5.000000
170	I ran to the loo and ate my shoulder pads @mermhart thanks for making my gym sessions bearable #IsItJustMe #Miranda #audiobooks #Audible	5.000000
171	My guy___ https://t.co/MU7Xsqxkuq	3.000000
172	Errrr I think you've got the wrong guy... https://t.co/IL7lmjgKfz	3.000000
173	@Syimons oh Nahh, then really lash u guys	3.000000
174	Interesting guest list for a party... https://t.co/KbKMgO8keq	5.000000
175	You'd hope I'd be there I guess https://t.co/Gh0uEMP0QP	5.000000
176	I'm at SACRED in London, Greater London https://t.co/eMRBzCQUtS https://t.co/paxJfbMEKa	2.000000
177	@Num1Phil have a great time!	4.000000
178	This was great #championsleague2016 @ Wembley Stadium https://t.co/FNNLZj0BAA	5.000000
179	@TedBroadbent great point! #guyfail	3.000000
180	@JeffreeStar @beautylish I've got it on order _. Great site &amp	4.000000
181	Great map via @whyvert https://t.co/2XBZ4bT4fS	4.000000
182	@Leilah_Makes was ACE to see you. Have a great day today x	4.000000
183	Rehearsing for King Lear - great role for Glenda Jackson @oldvictheatre https://t.co/VQx4V3sLdD	4.000000
184	Morning peeps! Hope you all have a great Thursday! #JensonLuv https://t.co/uwx8IhvfAw	4.000000
185	@GabbyBernstein - I'm loving #MayCauseMiracles - working on shifting and so grateful for your inspiration so I may… https://t.co/s2ebdN5gcT	1.000000
186	@WORLDSTAR Looks like the governer may have some thc in his system here... _	2.000000
187	Too awake for my own good	4.000000
188	Very good point!!!!!!! https://t.co/eaiofXPsGz	3.000000
189	@seatsixtyone @bjm2000uk @RAIL a good point!	3.000000
190	Good Morning ! __ https://t.co/Et4NGo4q3V	4.000000
191	@RealDealRoss @MENnewsdesk good shout. Leeds will be next.	3.000000
192	Good luck Warren! https://t.co/RNLXKXMN8h	4.000000
193	good morning you lovely lot..have a terrific thursday all..xx	1.000000
194	Good morning Waterloo @ London Waterloo Station https://t.co/JsnonGJW68	2.000000
195	No one understands how much I'm in need of a holiday.. myyyyy goodness _	4.000000
196	Good Morning have a great day _  #KeepSmiling https://t.co/C9fpdQwdAD	4.000000
197	@thelumineers @EventimApollo I'm gonna be there https://t.co/94rOxQXtZa	1.000000
198	Morning, today is gonna be horrible _	1.000000
199	When you just know you're not gonna have a good day	1.000000
200	@KajunFirefly I just look at Johnny Lee Miller and think “Sherlock goes to Scotland”	3.000000
201	If all goes to plan, the video should be live tonight! _can't wait to see what you guys think _	5.000000
202	My god that sleep was so so so needed. Nearly 8 hours _	1.000000
203	@aplsmith5 and this is what so many US people seem to want in a president. God help us indeed.	1.000000
204	Tink God. Think God. Thank God! #ALDUB68thWeeksary	5.000000
205	Elrow at hideout will go off!	5.000000
206	this week has drained me, and it's still going _	3.000000
207	Cannot wait to go shopping tonight _	1.000000
208	#TheMissing is still missing , let us go sleep now Alice_	3.000000
209	let that hurt go https://t.co/a067lZu33F	1.000000
210	I talk as someone who went to a terrible, terrible school and learned more at home/in the library, so this is going to take some ironing...	1.000000
211	Sometimes life's hard  Dust yourself off keep going #NoLimit https://t.co/W5GjMUnEet	1.000000
212	@ScottWalker @PAMsLOvE @TheDemocrats why are you happy to spend TRILLIONS going to war but not 100billion on keeping the USA healthy? __	5.000000
213	_ #TheMissing _ #CMAawards50 _ Wembley _ Spurs _ #ThisTimeNextYear  2016/11/3 01:14 GMT #trndnl https://t.co/do7Hdxwcnc	3.000000
214	_ #WorldSeries _ #ThursdayThoughts _ #NationalSandwichDay _ Trainspotting 2 _ #AUSvSA  2016/11/3 07:54 GMT #trndnl https://t.co/do7Hdxwcnc	3.000000
215	sooooo glad to have landed after that night flight _	1.000000
216	True that! Give the haters something else to hate! https://t.co/i3BeMJU3iG	5.000000
217	@MissDebbyCakes love you girl	1.000000
218	Took a giant leap of logic to write this tweet. https://t.co/lt7A64FNT5	5.000000
219	#supermansky @ Hyde Park Gardens https://t.co/UEqq5zU49O	1.000000
220	Our latest studio has a roof pitched to match the garage #Winchester #workingfromhome #homeoffice #prefab https://t.co/ugkKqCd2q9	3.000000
221	Game Day...Zorya Luhansk v #Feyenoord ...#zorfey #thursdaynights #EuropaLeague ______ https://t.co/vckVmP4f0h	1.000000
222	@TeleFootball @JWTelegraph  i will not watch the spurs game on sunday	3.000000
223	@ArcaneLumi its only blizzard. There games have been terrible for about 6 years now	1.000000
224	@LizBussey good morning Liz how are you? I'm off to Uni then the National Gallery:-)x	4.000000
225	Is this the public sector #workplace of the future https://t.co/3UpbT8ZKv2 #PublicSector https://t.co/3wEilKSeke	5.000000
226	Unsurprisingly, this fuckwit works for the New Statesman. https://t.co/6wcw2lxDcC	3.000000
227	@HoskinDave Yeah the Rolling Stones are total fuckwits on this one, make no mistake	3.000000
228	fuck off Shawn https://t.co/7xpZSPjNJ1	1.000000
229	fucking hell! I only wanted to tweet a news item! https://t.co/qRWcJ7jH7J	1.000000
230	Hey @POTUS grow a fucking backbone you coward and help these people! Or are you a corporate puppet? https://t.co/Q7z3GOlHjv #NoDAPL	3.000000
231	I'm frosting__	4.000000
232	Still not quite sure how I made it to the front? #childreninneed #cin #terryrocks https://t.co/FtUtv7D3Uu	5.000000
233	@StevieWise friend got ticket from tout - reasonable	5.000000
234	Fresh __ .... love this time of year -1 l	4.000000
235	literally freezing rn	3.000000
236	Tried out some @Dirtymartiniuk tonight in #LDN... looking forward to @DirtyMartiniCDF on Saturday too _ https://t.co/OIGqkiT65s	3.000000
237	@SimonWeller @Film4 Yep, very much looking forward to this.	1.000000
238	Good luck @Tata_TCTSL - look forward to seeing you at @totaltelecom #WCA16	4.000000
239	This morning I have gone old school, reading the news in the traditional format #digitalnomad @… https://t.co/q2xFLvi6m3	4.000000
240	@cybermango it does read like perfect Border Force/Home Office-ese.	5.000000
241	https://t.co/VijaeJtr1a #walking football results from last Monday. #XCEL top of the league ____	3.000000
242	Memories from the #sea straight into @macellaiorc kitchen #restaurant #tunafish #FoodManAwards #Food #Foodie… https://t.co/Zocs5sNkfb	3.000000
243	Thanks to @laureno_rachel for following us.	5.000000
244	Follow me on insta. Nadsfosu xx https://t.co/zjiKrhAdu9	1.000000
245	#Conservation must focus on  #nature &amp	3.000000
246	@BoxingKingdom14 AJ Molina undercard please if so we need WhyteChisora at separate presser. Want to be able to focus on banter accordingly	3.000000
247	@omar_quraishi Fun. TV is lacking good comedy. Mostly focus on juggat baazi.	3.000000
248	I'm saying nothing ________ #FlyTheW @ Wrigleyville Bromley https://t.co/17wj5UofTx	1.000000
249	Thank you @Melbaldwin69 for my lovely flowers. So kind and thoughtful _ https://t.co/1UAvLysJkR	1.000000
250	First cinema trip in 2017 you betcha https://t.co/z37HmjV2R0	5.000000
251	When you play #ThrowbackThursday playlist on #Spotify and this is the first song! #memories #Thompsons #toottoot… https://t.co/rjKrqppTv3	5.000000
252	@ReeceCameron1 get the investment first	5.000000
253	Imagine I've nearly lost my voice for the first time ever_	1.000000
254	Lovely. First frost of winter. Our sign says it all. https://t.co/NAxCDRvfCB	4.000000
255	I'm at Finsbury Park Railway Station (FPK) - @nationalrailenq in Seven Sisters Road, Greater London https://t.co/9uxViY89RS	2.000000
256	Good morning all, The road works in High St, Potters Bar was meant to finish today but now has been extended to 8th November.	2.000000
257	Which one am I?  //   Find me. @ University Parks https://t.co/P8fFbILlSG	5.000000
258	Luv'll Find a Way by Soul Ballet is #nowplaying in Harrods, London.	2.000000
259	really dno how I find it so much easier to study at home than uni	1.000000
260	@MickTheGooner good news either way I'm sure Spurs will find a way to lose _	3.000000
261	Can't wait to see the Trainspotting sequel! #T2trainspotting #film https://t.co/SEijLe6R61	3.000000
262	Only thing playing on the stereo this morning! Someone give this guy a film to score. Genius. @woobHQ #synthwave https://t.co/kHSWDHgGVw	1.000000
263	It's really starting to feel like winter in the mornings now. _ have a lovely Thursday u all _	4.000000
264	Is your skin feeling and looking dull and lacklustre? This Day Crème will brighten, protect and… https://t.co/KW9hngskUy	1.000000
265	Feel like my nips are gonna ping off	1.000000
266	@Donkey_Feed You are deluded and @BiancaJagger has soiled her moral high ground	5.000000
267	My new favourite place in London I think. @ Parliament Hill, Hampstead Heath https://t.co/ew6PIRvdE5	2.000000
268	Thank you @drhauschkagb @seen_group for a re-stock of my favourite organic milk cleanser and toner __ #natural… https://t.co/NgQ6DrFGy0	4.000000
269	@baloski2001 @fatma_samoura yeah great work !___	3.000000
270	@fatma_samoura @FIFAcom do one !_	3.000000
271	@MrLukeKerr @fatma_samoura @FIFAcom she is pathetic !	3.000000
272	@MsVee1304 @fatma_samoura @scottjburnett @FIFAcom terrible job she is doing , she is racist !!	3.000000
273	#Repost paulwinstonephotos with repostapp ___ #Emilia #ilovefourseasons #eveningdress #fashion… https://t.co/mZoA0AB9gD	1.000000
274	Love the way he rocks the #Suaave bracelet on the way to work. #Technology #Fashion #Kickstarter #wearabletech https://t.co/8aay7aNFgv	1.000000
275	This has to be the DEADEST bant I have seen so far this year https://t.co/ricV4dYJRL	3.000000
276	This year has literally been the worst year of my life so far ....	3.000000
277	@Swales1968 Governments have ran this way for far too long but austerity hits the weakest	5.000000
278	@DeanColleyPT yes was fantastic.	5.000000
279	Fantastic work! #TeamRossis https://t.co/XEeR5EFk4V	5.000000
280	Fantastic night Vanguard &amp	5.000000
281	inequality exacerbate family problems	5.000000
282	Ok just saw it on Facebook and it made my day _ https://t.co/7Wd4hkmC91	3.000000
283	And look how fabulous the skirts are in Lindy Bop at the moment: https://t.co/Vh9CK84cGU	2.000000
284	#Fabulous #Shooting with #mischkah #London #Portrait #photography #christmaslights #mood… https://t.co/uQG5xt4xj1	2.000000
285	Super paper from the fab @VijayaNath1 the #NHS misses you @kingsfund  https://t.co/onk1imDczF	3.000000
286	I'm so in love with my new #microblading #eyebrows no more patchy eyebrows or fixing them in the… https://t.co/vz2xcrZrwz	2.000000
287	97 users and 101 tweets (31 RTs) in 7 hours made 'Extra 2,100' a Trending Topic in United Kingdom. #trndnl	3.000000
288	#TB to @chanel's Mademoiselle Privé exhibition at the Saatchi Gallery this time last year! __… https://t.co/hC4Ibm1b5g	1.000000
289	Look how excited he is __ https://t.co/UFtHfchJ09	3.000000
290	We are super excited to welcome Vogue International Editor Suzy Menkes to the RCA tonight as… https://t.co/YeIx4ofr9H	4.000000
291	Darn excited to hear @AliBrownleetri and @jonny_brownlee on @BBCR1 this mornin'! #brownleefoundation #suckies https://t.co/Zu2hav5Bav	4.000000
292	@LONDONMINI1 good morning! Excited about meeting #cooperthemini on Saturday! ______	4.000000
293	Trainspotting trailer. Just watched. Really exciting. Really really exciting.	3.000000
294	@sbaroncohen These are excellent. Thanks for sharing	3.000000
295	@TheRingBar excellent! Hope to see you there!	3.000000
296	@aplsmith5 @TelfordCC @guardian why exactly?	3.000000
297	@Hellsbeg1 look I'm just the ideas man,  I can't think of everything.	1.000000
298	1 week until @BedsChamberInfo @DunRegisAwards. Wishing everyone involved a great night next week &amp	4.000000
299	Everyone loves flowers &amp	1.000000
300	@jordanwoodsfan @Drake all day everyday ___ https://t.co/ufJt4IHTlH	5.000000
301	How nice that everybody is invited who loved this man... https://t.co/RLU9MjgbKh	1.000000
302	Hello Thursday nearly there with our trees. #ferrerorocher #sweettree #tablecentres #corporateclient #events… https://t.co/5xE645KdmV	2.000000
303	Having the worst day and it's not even 8am yet _	3.000000
304	Are you Ready?  #CallofDutyInfiniteWarfare MIDNIGHT LAUNCH! This Thursday evening @GAMEWatford from 11.30pm https://t.co/QTHlrw3yWq	4.000000
305	Get your tickets. It's going to be quite the evening. #eventprofs __ https://t.co/EKzMSB9LY3	3.000000
306	We live in a generation where people are so afraid of looking stupid that they'd rather not even try to be their own person.. SMH	5.000000
307	Westminster wont even raise an eyebrow	2.000000
308	@douglaspjackson @RobertHodgkins1 @JoeDelves @Farmermatt77 @jimbo_robson 2 #frosts in a row. That's equalled last y… https://t.co/18WY8FaUga	4.000000
309	Do you know what you're growing in your garden?We're not talking about plants this episode: https://t.co/zIoqI7Mzqy https://t.co/lzSVt1BOrm	3.000000
310	#NationalSandwichDay Not enough gluten free out there. M and S leading the way.	5.000000
311	@SportsBreakfast @mickquinn1089 Enjoy spending the Murdoch money Quinn you hypocrite https://t.co/OlxM1V7q1K	5.000000
312	@Otto_English I have the horrible feeling he's going to win :(	4.000000
313	Ophir Energy #OPHR commences drilling programme in #Tanzania https://t.co/PjAr2KQCQR	5.000000
314	@Zettel314 I mean presumably end game is we have a two yr media frenzy every 4 years and then just pick whoever the model tells us, right?	3.000000
315	they employ + families	5.000000
316	@joleneschmeidlr this is very embarrassing _	5.000000
317	@blessedwithwork I've got the morning off work Wednesday so that I can stay up and watch the election. I'm still fe… https://t.co/QenFjCVmJA	2.000000
318	@elainebabey I'm greatttt wbu	3.000000
319	@elainebabey hello	3.000000
320	@eduCardtion if you DM me, happy to send you the latest version of the document that surveys all the relevant publi… https://t.co/g813N0BdtB	5.000000
321	@jubileeline @TfLAccess what's jubilee line like heading east from west Hampstead to Greenwich north?	2.000000
322	@jeremiah_allsop oh, yes just reviewed your timeline &amp; realised you're an easily lead troll, no thanks.	3.000000
323	Thank you @Ford for the headed front window in my van makes these frosty mornings easy______	4.000000
324	@CathyYoung63 Sent too early ! 	5.000000
325	*who* set up a 0730 in London tomorrow? Have they no mercy? #early #tooearly	2.000000
326	Hi @SouthernRailUK everyday no matter how early my train is into LBG it sits...&amp	5.000000
327	C NEVER follow each other usually...	5.000000
328	@_paigelouisexo @drunk killing me all day everyday	5.000000
329	I hate drunk people when I'm not drunk. How can you physically scream this loud	1.000000
330	That was the worst dream ever _	3.000000
331	3 Nov 2002: Gary Rowett scores his only Addicks goal as Charlton draw 1-1 with Sunderland. He is now manager of… https://t.co/wNcwNigNN7	1.000000
332	Paul Nash early drawing Triptik trees swathed in ivy @ Tate Britain https://t.co/236P5EaHiY	5.000000
333	morning run thought process involved little to no reason but was down to Starboy… https://t.co/6d7ohehezW	5.000000
334	@LIAMMARGINSON I'm working Saturday down here, if I still feel like this Saturday night I'm curling up in front of my fire with my duvet	1.000000
335	Double up @ Bernards Heath Park https://t.co/2IjPYcQN0h	2.000000
336	OMG _ I've got a fucking double. I'm going to sort this nah. Why is God testing me now. https://t.co/j1FCe0mnrT	1.000000
337	FAM IM SMASHING PREP TODAY I AINT DOING NO DOUBLE	3.000000
338	Well done. Enjoy__ https://t.co/Z3wzNkt35k	5.000000
339	@joshspero @OwenJones84 moron, don't know what you're talking about.	3.000000
340	@katsmithyy87 Well of shopping within the hour whoopie doo... Have a great day and if we don't tweet a lovely weekend x	3.000000
341	A week today it will all be over.  Don't regret not going to @BizFestWoodley on 9 Nov 16.  Tickets at https://t.co/57o8x7e8aj 35 exhibitors	3.000000
342	we don't fuck about	1.000000
343	Today is one of those days that it hurts that I don't have friends.	1.000000
344	Don't miss the Ballyshannon Stud consignment @tatts_ireland New Flat Foal &amp	2.000000
345	I don't think I'm ready for the last episode tonight _ #StressTengok https://t.co/a1s0YkrBw9	3.000000
346	I don't understand how people can boycott fantastic beast because Johnny drop is in it, but they still watch Roman Polanski films __	3.000000
347	@MTRCBgov I'm from Uk timy the only teleserye I watch Coz of the moral values I think your sleeping when you do your job so disappointed	5.000000
348	Here are resources from @gcieducation where I'm director of research. https://t.co/2YbWqyRXL2 We've also produced c… https://t.co/YPF8ZASlRA	3.000000
349	This evening we're heading off to see @TL5Y_London @St_JamesTheatre, directed by none other than @MrJasonRBrown - just LOVE this show!	2.000000
350	@CHIMPSINSOCKS You need help then, throw a dinner party as group  therapy.	3.000000
351	Dinner with a view ___ @ Darwin Brasserie, Sky Garden https://t.co/ahuen1LYaD	5.000000
352	its still #hardrockcafe #ministryofsound fault digital 2017	3.000000
353	Integrated Live: Enhancing Video for #digital #Marketing Strategies https://t.co/z9m9A2TJPP #Essex https://t.co/3rWknYMp2t	3.000000
354	What a difference three days makes! #London https://t.co/w5ASAdjO07	2.000000
355	Really excited to see the difference they make :) https://t.co/OCAcuzVner	2.000000
356	I've seeeeeeeen this but I didn't know it was him sksks https://t.co/b0XjoS80Y0	5.000000
357	@CinemaDan @ArthurJob @mcoopster18 @sleepyvet I didn't even know he was in the game lol	5.000000
358	I've woken up really happy this morning, legs are feeling it though! I'm really happy this morning, despite having a few hours sleep.._____	4.000000
359	I like Castelli but it's not Rapha. But, I guess this isn't about quality or design, it's about money. _ https://t.co/neQ3fMjwDe	5.000000
360	Deserved https://t.co/pxZJmv1ovF	3.000000
361	@xoxoinbar I'm reading tweets and watching videos with tears streaming down my face they deserve it	3.000000
362	We're #hiring! Read about our latest #job opening here: Assoc Systems Engineer -- GSAP - https://t.co/9eRokFy6Pp #delljobs #London	2.000000
363	@snickuk @LifeProof_UK have a look at @proporta mate I've ordered from them just waiting for delivery	1.000000
364	deliver	4.000000
365	Delivering sibling rivalry session @ContactAFamily Southall this morning#supportingfamilies	4.000000
366	Why are the trains delayed from new Malden? @SW_Trains	4.000000
367	3 degrees for this morning's run!! _ https://t.co/io1FrWh9Gu https://t.co/FhtJ9Iy971	4.000000
368	I degree chai,well am grateful I still prefer it to 35degree heat.	1.000000
369	Can't get enough @LuciferonFOX  definitely desire @tomellis17 now	3.000000
370	@elliot_gonzalez  @TheGNShow @Taskmaster @TheLastLeg I can't decide ___	5.000000
371	120,000+ signatures #FinnsLaw to be debated 14 November https://t.co/3uLmjPnB6J	2.000000
372	Press night for Dead Funny - one of my top five plays of all time. Can't wait till I see it next week.	3.000000
373	Meanwhile, in Spanish Pittsburgh is missing a H so they are Los Piratas de Pittsburg. #WorldSeries	5.000000
374	-1 Love de icing the windscreen time of year __ .... brrrrrrrr	1.000000
375	South Africa's tail going well, it's good to see Maharaj playing with De Kock early in the morning @Klobo15 @twitchut	4.000000
376	@LedaGlyptis @FinTechInsiders @davidbrear @_freddymac I had 4 the other day and thought - why am I hoarding these now...	5.000000
377	@LedaGlyptis @jamsovaluesmart @FinTechInsiders @davidbrear @_freddymac I'm not sure many would ever describe it as easy..	5.000000
378	Join the Thermo Fisher Scientific team! See our latest #job opening here: https://t.co/Yvr4o93Aoc #SupplyChain #Dartford #Hiring	5.000000
379	@Se_Railway can you tell the driver to put the heating on? _ 6.55 from dartford to Cannon Street ____	5.000000
380	In Flames, Soulfly and Dark Tranquillity Members On Mystery Single https://t.co/YZxUuH2wEo	4.000000
381	I'm all about pastel knitwear, smokey eyes and dark nude lips. That's ma style __ @ Crown Lakes… https://t.co/tO5SxMCKNM	3.000000
382	@nnatsumetakashi AAHHHHHGH LOV U DANNY next year i will meet u and u will get these hands (hugs)	3.000000
383	@cinnetimsin  @FarahNasser  @mrtcruz @Hannah7933 @hansontangbc @euhanjung  Skateboard dance? Watch yourself! https://t.co/dJsUaVz9HQ	5.000000
384	This would be such an exciting job. The sheer power at your fingertip. Making the leaves dance… https://t.co/GS3DbVxwfe	4.000000
385	A trip to dam is so needed _	5.000000
386	I just began a cycling workout using #Endomondo. Peptalk me now @ https://t.co/2fSFYvC1aA	1.000000
387	@MaraWilson @danielmaier @DailyMailCeleb still cute as ever __	3.000000
388	so personalised - the little notes they send are so cute.	5.000000
389	Thanks to the lovely James at @georgenorthwood, I have a new hair cut! https://t.co/2CdkocbF4i	1.000000
390	Good vacherin mont d'or morning to you.......ready to be cut! Oh yum #vacherinmontdor… https://t.co/lDdG7s01JX	4.000000
391	@guardian .but didn't the #tories cut prison staff in the first place? #DamageDone	5.000000
392	The curse is over..!! https://t.co/OxYI7HWYrm	3.000000
393	Current mood. https://t.co/VzbkSZOTer	5.000000
394	#WorldSeries OH MY DAYS 4-1 boooooooooooooom @CUBS	5.000000
395	After the 4th cubs leading 3-1 #GoCubsGo	5.000000
396	Oh to be a @Cubs fan today __ https://t.co/GOmiRFw6UG	3.000000
397	Cubs getting it done! #WorldSeries #MLB	5.000000
398	Well done the Cubs for winning the World Series - at last! And 8-7 what a game and it was 3-3 going into the last	5.000000
399	@theMTAonline Thanks. Fingers crossed.	3.000000
400	Overlooking the Orwell in Ipswich today.  Pretty stunning on a crisp morning like this. https://t.co/qOXm8yMeVK	4.000000
401	Crazy to say it but this game feels over w the likes of @JLester34 ready to throw a few innings #WorldSeries #game7… https://t.co/bNPbjgRQd4	5.000000
402	@NorthernNik @fatma_samoura why you would put idiot in this position is beyond me ! CRAZY!!	3.000000
403	There goes the neighbourhood, The New York Times (@nytimesphoto) covering Brick Lane :) Happy to… https://t.co/DV3tC1cMfk	3.000000
404	One of my all time favourite #StarTrek episodes finally covered by @MissionLogPod _ https://t.co/jZEY886GoJ	3.000000
405	244 users and 245 tweets (227 RTs) in 3 days made 'The High Court' a Trending Topic in United Kingdom. #trndnl	3.000000
406	The tweet with the most impact of the 'The High Court' Trend, was published by @Sentletse: https://t.co/KkugASVubC (96 RTs) #trndnl	5.000000
407	It should be up to the people not high court elite . https://t.co/igTlYLFaPP	5.000000
408	Dinner last night was delish! @ Kingly Court https://t.co/J98sVZVtQg	3.000000
409	@HoskinDave Everyone was on prozac, of course everyone thinks it was ruddy marvellous! LOL!	5.000000
410	Made it to the post office and this was waiting for me - the original drawing that was in @politiken a couple of we… https://t.co/4bjQqA94wX	3.000000
411	@youngvulgarian A Beaujolais perhaps or a little country wine from the Corbieres...?	1.000000
412	@SW_Trains well I wouldn't say minor if I couldn't get on my train this morning. Minor for you yeah, you're sitting at your desk!	4.000000
413	I like people who throw conversational grenades.	3.000000
414	Spending two plus hours, having dinner and conversation, with someone I've never met, sharing thought &amp; opinion, very enjoyable	5.000000
415	All tickets for @recordboxevents tonight @boxpark shoreditch have GONE!! But we will continue… https://t.co/nTCeZ2fByU	4.000000
416	@weddingwedding3 What to consider when hiring a London Wedding DJ https://t.co/z97NaIomYO https://t.co/kkPO6GyJRx	2.000000
417	Connect with us at https://t.co/9NeaUSX75b Join our #group @ https://t.co/EChs1qyZzZ #Photography by Henny Boogert… https://t.co/LL0H1NKDg6	2.000000
418	@BenPeterMoore congratulations!!!	3.000000
419	Congratulations @jessphillips so well deserved, thank goodness for women MP's like you who are prepared to speak ou… https://t.co/BkpSUlWDG4	3.000000
420	Congratulations @Cubs The 108 year wait is finally over...	3.000000
421	It seems it really was #clevelandagainsttheworld ! Congratulations @Cubs ending 108yrs of hurt and winning in thrilling style #CubsWin ____	5.000000
422	@encephalitisava @encephalitis @TheLancetNeuro Congrats!	5.000000
423	Congrats guys! https://t.co/mOoFRENQgR	5.000000
424	A1 southbound within the A428 junction | Southbound | Congestion: Location : The A1 southbound… https://t.co/czUoBXHRyr #stalbans #harpenden	5.000000
425	Sports Conference! #PSD https://t.co/hTTN4mPLm4	5.000000
426	Currentzis and musicAeterna give concert for Gift of Life https://t.co/IwjXLmuOqF #ClassicalMusic https://t.co/Bw8jmKyy28	1.000000
427	@ChemiShalev @former_f1doc Many elements of US military / security complex are blueprints for 3rd world tyranny	5.000000
428	World's Largest #Space #Telescope Is Complete, Expected to Launch in 2018 https://t.co/4p9ANJm0rL via @SPACEdotcom	5.000000
429	@phillutton78 and the likes of Jeff Horn get nothing comparable - does my head in.	5.000000
430	Commuters with a difference today! #poppyappeal @ London Waterloo… https://t.co/p10YBPPz15	2.000000
431	@FIFAcom The #Poppy means so much to people not just in the UK. Ridiculous comments from your spokesperson yesterda… https://t.co/rM3ggcqtIw	3.000000
432	@RealDealRoss they're coming... https://t.co/fU6JfKz027	3.000000
433	Who coming to the #hothatch #goodwoodbreakfastclub this Sunday 6th Nov. I'm talking my #bmwm135i… https://t.co/UVsOlzoVP1	3.000000
434	Meet @CyberseerNet at #RANT2016 today for Advanced Threat Detection using #MachineLearning! Come &amp	4.000000
435	@proptar #FuturesUp is coming - tickets here - https://t.co/wWRD32oaeK	3.000000
436	You and slough are a match made in heaven good luck :-)  - @jackie1stevens_: @Spinneroonie1 he wouldn't come within 5 miles of slough."	3.000000
437	Good morning #ADC2016! It starts today in London. Come at 9am for the introduction by @jbthiebaut	2.000000
438	7:51 am, 3 putos grados fuera. It's freezing!__ Y eso que winter isn't coming yet...	3.000000
439	I think my PS4 is coming to an end.	3.000000
440	Trainspotting 2 I'd coming. OK, this is the end.	3.000000
441	@elainebabey coming	3.000000
442	#brussels #belgium here I come #design #kikk @ Eurostar- London St Pancras International Station https://t.co/7jIKMcTCaq	2.000000
443	Out of darkness comes new things.	3.000000
444	While I slept: Cubs won and @jystewart visited @romanmars &amp; the @99piorg team. Me: __ (Roman, come to London!)	2.000000
445	@henningwehn hope my confession of love at Cambridge station on Monday didn't come across as too weird... You are a funny man. #notastalker	1.000000
446	Just got to hope it's a severe dip in form and not the players true colours(other than sissoko) if not we are royally fucked!! I'm in a egg	3.000000
447	@PhotoFinishBand I have! Gonna be my train jam on the way to college!!	1.000000
448	@WillHillHelp morning guys, so in the systems up and running in the shops as yet ? Iv been deprived of collecting my winnings for 3 days now	4.000000
449	Some of our US colleagues told me to be prepared to arrange them UK working visas, should Trump win, others can't w… https://t.co/8D81QgzbND	3.000000
450	The deadline for SLE applications is next Monday (7th November). Please let any interested colleagues know @ATLApartnership	3.000000
451	On my way to see colleagues at @DVLAgovuk Swansea to talk  #Capability in the #Digital Profession #DigitalPeople  https://t.co/jphasYijRr	3.000000
452	The Great Escape playing now just as I am leaving London for Swansea. Very Apt. #Coldstream #paddington https://t.co/gLcsu5I33c	4.000000
453	Ahh cold	4.000000
454	Whoop sale ahoy...treat yourself this cold Thursday https://t.co/MmGSQJC16L	4.000000
455	Cold mornings __	4.000000
456	OMG! It's cold this morning on way to work	1.000000
457	Oh, Hi London! Why are you so cold?	4.000000
458	Guess I'll just sleep and watch tv all day while I try and fight this cold __ #whyamiawake #earlybird	1.000000
459	Excited about #CER16 today! And you know it's true because I'm still sending this tweet despite freezing cold fingers ______@RantandRaveUK	3.000000
460	Nah this winter is gonna be mad cold _ I can feel the coldness in my bones __	1.000000
461	Coffee mornings #travel #travels _ #traveller #travelgram #travelpic #travelinspo #travelcouple… https://t.co/25mzD3T7Zp	4.000000
462	A #morning MRI treat with you morning #coffee https://t.co/mKHYfdBTsC	4.000000
463	Co Clerkenwell __ via matildagoad #grangerandco #pink… https://t.co/y0iOuNxS8t	5.000000
464	@ginacarano your deadpool co-star @VancityReynolds was on form on @ConanOBrien  https://t.co/WHqLAbq4BE ____	5.000000
465	And they are saying that if you join our club we will deliberately make it difficult to leave. A spider's web comes… https://t.co/CHSGYk1Hes	3.000000
466	#ThursdayThoughts Eggsy style  "Try to be a rainbow in someone's cloud" #quote   https://t.co/OVZiT4q7ms… https://t.co/kclIgJbj6Y	1.000000
467	and it was a cloud and darkness to t… https://t.co/HgFqGSwwS3	3.000000
468	M4 J7 eastbound exit | Eastbound | Road Works: Status : Pending. Lane Closures : Lanes 1 and 2… https://t.co/Y5VdxXyWwd #stalbans #harpenden	5.000000
469	@jamsovaluesmart @FinTechInsiders @davidbrear @LedaGlyptis @_freddymac lots of opportunity to get closer to customers &amp	5.000000
470	@Ms_Beck_30 so close I can touch it... https://t.co/Z6in1RVlwH	4.000000
471	M25 J2 clockwise exit | Clockwise | Congestion: Location : The M25 clockwise exit slip at… https://t.co/lonLEF2Cft #stalbans #harpenden	5.000000
472	No, i do not wish to be bombarded with spam from Clinton groupies. Guaranteed to piss people off.	1.000000
473	Honesty Integrity Respect is what your kids will learn from golf unlike Trump and Clinton https://t.co/Gq9S4WZLpD	5.000000
474	@edwardlucas @benimmo The Clintons and the DNC don't need any help from the Russians. They've got it covered.	3.000000
475	Want to work at O2? We're #hiring in #WatfordHertfordshire! Click for details: https://t.co/lfhKtp9EKi #Job #o2jobs #Retail #Jobs	2.000000
476	After all that a Cleveland team blew a 3-1 lead in the finals _____ https://t.co/36IbCDK5zu	5.000000
477	So glad Cleveland lost!! I'd hate to be 3-1 and the lose a 7 game series! ___ #Cubs	5.000000
478	And yes, I'm hoping that Cleveland will consider this the start of 'the curse of the racist mascot.' 108 years to go https://t.co/QnV99rRDm6	3.000000
479	New to @AgaKhanStuds for 2017 - Dual Classic winner HARZAND #readallaboutit https://t.co/utwnY1lmiC	3.000000
480	@AshtonsLegal He is also a very great man. He used to talk to me in classical Greek, on the assumption that I understood it. I never let on.	4.000000
481	@Slauts1 why so long though to claim your happiness	5.000000
482	@c2c_Rail for every couple of minutes your trains make me late? Thought manual claim was 30 mins plus only	5.000000
483	You can go to two different @ScienceShowoff's in the same city at the same time tonight if you really want to: https://t.co/1eThwJkomM ____	3.000000
484	Comparing one team to an entire city in two completely different sports seems kinda asinine doesn't it? ___ https://t.co/GXpyXsHtFf	3.000000
485	Love them _______ @ Oxford Circus https://t.co/zP1I4VEliX	1.000000
486	Happy Christmas @ Hatton Garden https://t.co/eeFs8CGPZP	1.000000
487	Fucking love Christmas man	1.000000
488	Mmmm I can't wait for my Christmas dinner this year ____	3.000000
489	-1 outside and Chris still won't put the heating on _	5.000000
490	Choose Twitter.  https://t.co/kp0q69ZpG6	3.000000
491	Choose Facebook, Twitter &amp; Instagram. T2 is coming. Trailer drop: https://t.co/ODX3Xo8n3w #T2  #Trainspotting #ChooseLife #27Jan	3.000000
492	@kirstieshearman ooooooh pretty. Nero started some festive hot chocolate .... https://t.co/stuZgqVLTW	3.000000
493	Also why do I do if I chip a nail and it starts to like come off?? Do I just bite it off?? Can I just like treat myself or nah?????	3.000000
494	Last nights chilled jam in prep for tonight's gig at London Stone - looking forward to this… https://t.co/3TxwESBnSV	3.000000
495	@Katyas_Pussy in the eyes of doctors, yes!!!! no matter how dysphoric you are!! if it hasnt been since childhood!!!1 ur a faker!!!!!	5.000000
496	@guardianopinion .should the same be said of the inquiry into child sex abuse @simonjenkins4? A waste of time and money?	5.000000
497	That's so scary - do you have a dog, please don't don't feed my child Smarties - all ok - but guns #OnlyInAmerica https://t.co/0OMdavEQUt	5.000000
498	The news about the Chicago Cubs gives hope that other curses can be also be lifted @Conorpope @niamhsquared	3.000000
499	Say Sweet Cheese! :D  .  #mydearfriends #thursdaythrowback #tbt #dinnerparty #friendsfirst… https://t.co/SzuaI8Ird3	5.000000
500	A sea of #glutenfree #festive cheer heading to @WFMLondon this AM #wholefoodskensington https://t.co/3mSZQIV6J7	5.000000
501	Check it out and #pledge for #BQTA today. Taco cleanse your way into 2017 ___ @pledgeme @zenpeacekeeper ______ https://t.co/Zwrbz2EREA	5.000000
502	Check out my run on Strava. https://t.co/tF6ShFLLgc https://t.co/zQ2O3VuuES	5.000000
503	Model: @ravenlyn3  Check The… https://t.co/FJ4GGrhRyN	5.000000
504	@MatureUKWife Check out my #chaturbate profile page to see whats happening  @Mesexy40   https://t.co/C5MFWYnBSn… __ https://t.co/yAwXhDuvzu	5.000000
505	OGGIE - Follow Me at @GarageNation @OneDanceFest #MusicFestival Now on #YouTube check it out!… https://t.co/42RzuBuI15	5.000000
506	Started watching old #Arnab videos on mobile. People from the next room cross checked if I was ok or not.	3.000000
507	It maybe the end of the a very long charity tasting but the quorum of U.K. Winetrade is… https://t.co/0wZmDMhqvG	5.000000
508	@TelegraphNews sensible chap.	5.000000
509	@cyclingweekly Sounds interesting.....but the link doesn't work chaps	1.000000
510	https://t.co/JDn9S63OE4  Please see the link above for the YouTube Channel for Darteh Ministries   Please Like, share and subscribe	5.000000
511	Never change, Twitter. https://t.co/Na99vrHwvT	3.000000
512	GAAAAAAAAAHHHH I promised this naked lady in the changing room yday that I'd be there today. https://t.co/lRafpdV7q1	3.000000
513	My opinion has completely changed	5.000000
514	Oh it's very in Scotland by the looks of it. Hope that changes in the next week. I want cold, crisp and dry days for my visit please.	3.000000
515	Oh it's very WET in Scotland by the looks of it. Hope that changes in the next week. I want cold, crisp and dry days for my visit please.	3.000000
516	I thought about what I wanted to #change, and thought and thought- guess what nothing changed!! https://t.co/CWelpbyRXU	5.000000
517	#godavid so proud of my client representing UK #ISOTY ______. Let's keep voting. A chance to wreak #Eurovision reve… https://t.co/LEjPg7JBDf	5.000000
518	Aung San, former political prisoner and champion of human rights has failed to clamp down on military atrocities… https://t.co/SB74rNNRVY	5.000000
519	Preparing for the Spartan Race https://t.co/r1sqS2nIsd via @urbn_challenger	3.000000
520	Closer by Chainsmokers Featuring Halsey is #nowplaying in WA Cafe.	3.000000
521	@GreenwichHC Got a nice photo of the Heritage Centre yesterday. #Greenwich https://t.co/0f6WpWvTy1	5.000000
522	@JulietteMonroeJ  the Lowry Centre Salford. Google them for details.	5.000000
523	Dance yourself fit with @BDYDance tonight, 6-7pm £2, abbey sports centre, barking ____ https://t.co/BPBAVTF1Yh	5.000000
524	Well done @Kent_cc @KentHighways 3 way lights without warning onA26 at south borough #clueless	1.000000
525	@kathb24 morning Kathryn it's Catch up at Uni day!:-)x	4.000000
526	Polenta chips with fresh rosemary and salsa. Long overdue catch up with kellying28 #dineout… https://t.co/PcWlzNMVjS	4.000000
527	We're #hiring! Read about our latest #job opening here: Sr Project Mgr (PS) - https://t.co/X01qW24eis #delljobs #IT #London #CareerArc	2.000000
528	If you're looking for work in #SloughLondon, check out this #job: https://t.co/m0Me6AEDEB #Marketing #Hiring #CareerArc	2.000000
529	If you're looking for work in #London, check out this #job: https://t.co/qsqXSJUh28 #delljobs #Engineering #Hiring #CareerArc	2.000000
530	you still think people care what you think... smh	5.000000
531	@fatma_samoura @FIFAcom your joking , who cares !_	3.000000
532	@c2c_Rail I just want my smart card loaded	5.000000
533	Krzysio decided to make a thank you card for #firefighters #firebrigade https://t.co/TbbCUm897A	5.000000
534	Last night the streets of London   #london #car #mercedes #taxi #retro #vintage #byPR… https://t.co/TzAoDLST2u	2.000000
535	Would much rather key his car or smash his windows https://t.co/nuRXapFJhx	5.000000
536	Turns out my car isn't a fan of the cold weather...	3.000000
537	Take a look at The Cheese Truck. I invested via @Crowdcube. Capital at risk https://t.co/oceaWtCp7r	5.000000
538	Craig all moved in! @ Canvey https://t.co/5SnKy7xN92	5.000000
539	Since Craig's moved out into his own room we can't Shaun out of his lol! @ Canvey https://t.co/CepZIzt4NO	5.000000
540	Opportunistic marketing campaigns. Love it... https://t.co/RcigLis4F1	1.000000
541	@johncrossmirror This is hardly a good result for the 'Respect' campaign and to me Jose's stock goes down every day	4.000000
542	Call 01582 24 24 24. #transfer to &amp	1.000000
543	Me, a name I call myself https://t.co/NFPS8e65SD	5.000000
544	Morning squawk - opening calls $FTSE UK100 6828 -0.27%  $DAX Germany30 10363 -0.26%  $CAC France40 4403 -0.36% https://t.co/WuJTDJoOd7	4.000000
545	Make sure hair is Selfie worthy!  Visit The Salon TW18 @ https://t.co/vsFv7i3cLR   Or call 01784… https://t.co/bKho2z2X7h	1.000000
546	@eulogyuk I preferred you when you were called Frank Stallone https://t.co/MWuA6yECXT	1.000000
547	The thing I find most attractive in people is what I call an arsey streak, but it's just that, really.	1.000000
548	And ironically calling this a "war" belittles the deaths of those we are supposed to be remembering https://t.co/VArlpDmxDH	5.000000
549	They know but they don't care the so called elite only care about money and power people mean nothing . https://t.co/JtZohxz33j	5.000000
550	@tnzk01 thanks for continuously trying to explain things to me. Super kind of you but you can stop now. She was wrong and you're wrong. Bye.	1.000000
551	@TheMMP1 Besides the public and supporters of #CPhcies it's also all the small #Phcy business owners and the staff &amp	5.000000
552	#human behaviour. A key issue also raised by the #business &amp	5.000000
553	She leads the government of the elite and rich business men as usual for the Tories https://t.co/Oz33Bb707Z	5.000000
554	World's Largest Space Telescope Is Complete, Expected To Launch In 2018 https://t.co/UhBeMNC0BK #business #marketing	5.000000
555	12054th Morning looking good so far @ Business Design Centre https://t.co/eKoSleGQhh	3.000000
556	I have a feeling that people selling the pound yesterday will be able to buy it a lot cheaper today. Let's see...	1.000000
557	@Bruciebabe  Not to mention your pathetic use of childish cartoons to get your point across...&amp	3.000000
558	When being described how you met "his heart had been broken"  I'm very touched by that _	5.000000
559	@aubrey_merlin yeah bro	5.000000
560	@Jaypaulmrflamez Bro longest time	5.000000
561	Smooth moves, bro. https://t.co/UISBqEn9xH	5.000000
562	Oooo chale your about to walk into sooo many L's because of this tweet. __ good luck bro https://t.co/JDGE7jQgT8	4.000000
563	Family is getting here soon! __Yayyyyyy _ me picking berries for bro vinitdeora! @wackysunny… https://t.co/xE3ettd11W	3.000000
564	Going take Father In Law he loves maps_#BLMaps @britishlibrary https://t.co/NrnovqtU93	1.000000
565	#WearYourPoppyWithPride #shouldertoshoulder Supporting The Royal British Legion @PoppyLegion @TfL @Oval_station… https://t.co/JMjU1NMtDf	2.000000
566	a study by the Brits has proven that a cup of tea can solve any of your problems @ London,… https://t.co/cf0Q7Lrhwh	2.000000
567	the Sinbad one was brilliant! Will we see you in the U.K. at any point?	3.000000
568	Brilliant..... Now we are in November.... Please please keep focused https://t.co/ANm3QHbNMN	3.000000
569	@gwenjorgensen brilliant video and good luck in the New York Marathon	3.000000
570	@radioharrow brilliant! Have a good day #Harrow #radio	3.000000
571	Brilliant! Thanks, Chris. @eduCardtion #honk @gcieducation @JohnGCI https://t.co/NbWTO9jlv1	5.000000
572	@RyanRichmond_ love a good tanning selfie. But I have to wear the eye protection... Gets too bright!	1.000000
573	#UK2016__ #tutstravels__ @ Westminster Bridge https://t.co/yBe1vPZ99o	2.000000
574	#TBT 08 Photo Shoot in Bridge with @kokeusg whyalwaysdandan &amp	2.000000
575	londonlife_ @ Tower Bridge, London https://t.co/rHoDgjAHx6	2.000000
576	Good Morning, London _ @ Houses Of Parliament, Westminster Bridge https://t.co/7Udzd3lqBI	2.000000
577	Dream Dictionary: Dream Symbol Search https://t.co/BqcI0vv88w  Doesn't explain what it means if you get a lorry stuck under a bridge	3.000000
578	@flmh one for you #brexit #boycottweatherspoons https://t.co/eOIsBkFaps	5.000000
579	Is this to be the 'new normal'? In India, Pakistan, a #Trump USA - &amp; I say this with a shiver - a #Brexit UK? https://t.co/TDLZUDWpUX	5.000000
580	Brexit: High Court judges to give legal verdict soon https://t.co/Gp9wdAmABQ	5.000000
581	Word of the year? Brexit or as I call it 'They let the Doofuses Vote'	3.000000
582	Breakfast meeting and not too shabby @citizenM at TowerHill	4.000000
583	Good morning London __ #london #trip #travel #morning #hotel #breakfast #empezamos @ Royal… https://t.co/z5bFXlw8z6	2.000000
584	Breakfast of (small) Kings. Homemade beans on toast @stdavidcoffee this weekend. Full of flavour… https://t.co/tBuAUNHoCf	3.000000
585	@nickfshort @SwanLavenham Where else can you get a non-resident breakfast in such fine accommodation? _	4.000000
586	#breakfast #cheframsay can't leave London without a proper English… https://t.co/TSVt8RXmpb	2.000000
587	Cake for breakfast? Elevenses? Lunch? Tea? Dinner? Snacking? https://t.co/JBUM6KPkWm	2.000000
588	@MsAlliance Morning Gita . Have a good day. I am in a meeting all day so break from twitter ___	4.000000
589	#Repost a7nku_x ___ Be one and you cannot break... #brotherhood #power #friends #love… https://t.co/WAmmPzJKLW	1.000000
590	Love having a musical flat because breaks from work end up like this __ (vid stolen from… https://t.co/mgeqDMtYpR	1.000000
591	Chicago Cubs break the curse of Billy Goat. First World Series in over 100 years. ___	3.000000
592	Greeted @Lazarus_Musical by #MichaelCHowell  a brave &amp	3.000000
593	@GreekOnTheSt @BoxparkCroydon it's great! Immense site.	4.000000
594	@MasterchefAusUk @Cartscancook nice work Brett, mystery box, invention test &amp; only losing to @VueBennett by 1 point is a great start to week	3.000000
595	The universe doesn't want me to box. Got on the wrong train cos two H&amp	5.000000
596	@BryanUF I think the Cubs cap I bought Tuesday morning is good luck _	4.000000
597	@MAWood33 @JasonRoy20 o mark... brace yourself for a bottle of water now!!! __	1.000000
598	Bottle of wine and a pint last night dinnnee and I'm feeling orite __	1.000000
599	@cfclloydy Bored with it all now	1.000000
600	Have you booked your 2017 nomination to Maxios @GestutFahrhof? https://t.co/au2LDgggdk	3.000000
601	I just booked my train tickets for Saturday... I'M GOING HOME__	3.000000
602	Future of the jobs market what does it mean for recruiters  #scaleup live 22nd Nov  Book here https://t.co/yPamiKnxzB	3.000000
603	BOOK your weekend haircut now few spaces left go to https://t.co/huCZqx3aAI @ London, United Kingdom https://t.co/8u4mGJlkIo	2.000000
604	Harry Potter star Emma Watson leaves books on London Underground https://t.co/uTJXNxHltt	2.000000
605	I really hope I can find one of Emma Watson’s books on the tube today. I searched yesterday but no luck :(	4.000000
606	If I find one of Emma Watson's book on the tube,I'll set fire to it,the patronising cow.	2.000000
607	Come book us for Reiki in our new venue, Saturdays from 3pm. Prime Acrobatics Woking ______ https://t.co/fuSAMz2j37	3.000000
608	Hot chocolate and an incomplete book in an all new motherland is what life is all about I guess… https://t.co/W4Xvw1c0g6	1.000000
609	#Repost @PiccalloLTD  Extract from our book @jamieosmith shoot for @breadstkitchen new book… https://t.co/C5mzj3XNpv	2.000000
610	@TERRORB1 @KidCuellar @WLTaskForce funny, your red pill candidate supports bombing kids and torture, hope you feel great on polling day.	4.000000
611	@SLJuniorDoctors @GrumblingCop I am not sure that USA is a poster boy for  progressive universal healthcare system but interesting numbers.	2.000000
612	In aid of a little boys last wish we are proud to invite you to purchase tickets for a festive… https://t.co/VWKzEY6VjN	3.000000
613	A Street Cat Named Bob Review - "__ - A functional, unentertaining story of hope" https://t.co/ecknXzATjO (via @Culturefly)	3.000000
614	Here's a throwback to some blue and blonde textures in my 2015 collection:… https://t.co/PhhqBHc4FL	2.000000
615	@RealDysonator it really bloody does. __	3.000000
616	I bloody love Parliament @ The Houses of Parliament https://t.co/tQQctIhTeg	2.000000
617	With not having to be up this early for a few weeks, I didnt realise how cold it has got. Bloody hell!	5.000000
618	@thedadnetworkuk this is exactly what Mark and I are deciding to do! By the way you feature in my latest blog post. Xx	3.000000
619	I count my blessings and try to be grateful for the things and opportunity I have everyday	5.000000
620	Someone really should've warned me about the possibility of Brian Blessed shouting at me on the 183 #poppyappeal #offtoA&amp	3.000000
621	Proud to say that of the 2,760 students who joined us in 2016, 39% are Black, Asian or Minority Ethnic https://t.co/QlkJpjEVox #colourbrave	5.000000
622	#Repost @c_emaysee ___ Own it every day  Bit of an arty photo taken @whitenoisegym #gaintrain… https://t.co/TTN7cP84so	1.000000
623	Have this to lift the mood a bit: https://t.co/g4EJCT9G6J	5.000000
624	Bit of ...#architecturephoto #gardens #flowers #historicbuilding #history #londonarchitecture… https://t.co/4EHbagItoD	1.000000
625	I feel like it's a bit sad how much I love Robin themed things _	1.000000
626	@susen63 From the little I've read so far, last nights hash tag tweets went really well, I'm chuffed to bits for everyone who takes part, I	1.000000
627	Sometimes work is very exciting! I love the ENO, very intrigued to see even a bit of this later! __ https://t.co/HVur8j0Rvx	1.000000
628	A little bit late on the uptake... Amazon's gone all pro EU on me this morning. How devilish... https://t.co/kfXPTBTVYU	4.000000
629	@coffeeheadaches @emergencysam isn't the new one a bit dodgy because it doesn't have a fire crew like RLH?	1.000000
630	A bit of brass in the morning. Looking good @poppylegion #poppyappeal @ London Paddington Station https://t.co/M3WMtXe6LO	2.000000
631	This year's #wordoftheyear is a bit boring... "Brexit, noun, see Brexit" https://t.co/o8TZGGQkoH	1.000000
632	@_amna_x Happy Birthday__.	1.000000
633	My girls birthday______ @kaylagreenxo https://t.co/MtwOOkswRJ	1.000000
634	Happy 21st birthday Lily! 18 years of birthdays together!! Have a lovely day and see you tomorrow! ___ @lilybriody https://t.co/9fQ3UK8Z7r	1.000000
635	@Biltawulf @AboutTimeMag Ready Break?	4.000000
636	@felipafan she's from Illinois originally, bill is from Arkansas and she held office in New York - what is your question	3.000000
637	If the weak pound is driving up petrol prices expect the same to happen to energy bills this winter https://t.co/cibD9Akwyc	5.000000
638	I am obsessed with cute little restaurants____ @ Bill's https://t.co/bHtq0AWNs1	3.000000
639	Tired is the biggest understatement of my life	1.000000
640	Paedophiles like Lena are more the biggest problem https://t.co/NNBX61Cp7j	1.000000
641	Being inspired by @ROptimism. What's your passion? What's your big why? #ThursdayThought https://t.co/NdL3JvKfAB	1.000000
642	I knew nothing about him, but guessed home-schooling. Googled him. Yep. And his kids after him. Big fan of it. Perpetuating ignorance.	5.000000
643	Big thank you to @djlogansama who is our special guest on the new episode of @KickOutPodcast… https://t.co/p0hxSIhtkU	5.000000
644	@vanillawallah If Australian stay on the wicket this much, they'll score big each time. @AmmarAshraf	1.000000
645	Or maybe, *maybe*, they're wearing a big coat because IT IS NOVEMBER and it is COLD. Evil, unnecessary, racist scar… https://t.co/tKbp2P5iIT	3.000000
646	Literally laughing so much driving to work ___ the cash track was bieber right? @lilahparsons @higeorgeshelley @daveberry_tweet ____ xxx	1.000000
647	M4 westbound between J8 and J10 | Westbound | Road Works: Status : Pending. Lane Closures :… https://t.co/snt1jaEcfP #stalbans #harpenden	5.000000
648	M1 northbound between J8 and J9 | Northbound | Road Works: Status : Pending. Lane Closures :… https://t.co/R7U3wAx0C7 #stalbans #harpenden	5.000000
649	M4 eastbound between J10 and J8 | Eastbound | Road Works: Status : Pending. Lane Closures :… https://t.co/DEj1jBRzAp #stalbans #harpenden	5.000000
650	M25 clockwise between J24 and J25 | Clockwise | Road Works: Status : Pending. Lane Closures :… https://t.co/u7t1iGoLG3 #stalbans #harpenden	5.000000
651	Seth Meyers is perfectly on target here: this isn't a choice between two equally flawwed candidates. https://t.co/ciohec6DG0 #uspoli	3.000000
652	'We'll go for a couple of drinks' will never be just that. 7 bottles of Prosecco later between 5 of us _	1.000000
653	I think you're better off going down Sevenoaks Way _ I just walk past and laugh __	2.000000
654	I've had better bottles of lager.... https://t.co/3CpAGg07jb	1.000000
655	because we're both that way it honestly is leading to us getting and growing better everyday. Plus of course the… https://t.co/ZAhgXkoRD4	3.000000
656	So happy the Cubs won the World Series, bet Chicago will be rocking for a while!!!	3.000000
657	@russellhoward @ComedyCentralUK  Best yet!!	5.000000
658	@stevemavis75 15/2 best price I got pre season	5.000000
659	One of best gigs I've ever been to &amp	3.000000
660	Jogging in 0-1 degrees. Best decision I've made	5.000000
661	Excellent choice, one of our best https://t.co/Q9BYU9iNAy	3.000000
662	When you get the chance to plan a conference for 215 people with your best friend @jamesperrett… https://t.co/L6xlM33LgU	1.000000
663	@Sammi1805 it was so nice to see you yesterday. Sorry I couldn't chat with you properly. Let's catch up sometime. Best wishes Sam	4.000000
664	Not best pleased! #cat #cats #catstagram #catlovers #catsofinstagram #tuxedocat… https://t.co/3QrsHaJH9K	5.000000
665	@EllieCumbo all the best, you would be an excellent candidate	3.000000
666	Broke three workout personal bests with the trainer last night. My legs are like jelly this morning #StruggleWalking	1.000000
667	@MitchellPR_ love that it was the last time I was on my way to uni and now I'm just bored with the new and my sleeping pattern is the best	1.000000
668	Happy birthday Jon, hope you have the best day x @Jonathancox03	1.000000
669	@Shelter google no deposit dss landlords  london under 35 a room over 35 a flat benefits only	2.000000
670	@saraheliztweets no problem.. funnily enough not an issue I come across often, there are some benefits to ridiculous names ;)	3.000000
671	@veeviyy PLS, CLICK BELOW AND SUBSCRIBE TO OUR YOUTUBE CHANNEL FOR  INTERVIEWS, E-NEWS, and MORE  Thanks! https://t.co/vraTPFNUpX	5.000000
672	@Dept_Motivation PLS, CLICK BELOW AND SUBSCRIBE TO OUR YOUTUBE CHANNEL FOR  INTERVIEWS, E-NEWS, and MORE  Thanks! https://t.co/vraTPFNUpX	5.000000
673	@DNC_ENT1 PLS, CLICK BELOW AND SUBSCRIBE TO OUR YOUTUBE CHANNEL FOR  INTERVIEWS, E-NEWS, and MORE  Thanks! https://t.co/vraTPFNUpX	5.000000
674	@I_am_pascal_boi PLS, CLICK BELOW AND SUBSCRIBE TO OUR YOUTUBE CHANNEL FOR  INTERVIEWS, E-NEWS, and MORE  Thanks! https://t.co/vraTPFNUpX	5.000000
675	Can't tell you how much I miss this one! Bella looks so small! _ #springerspaniel #dog #mygirl https://t.co/RpkzRaF5nc	5.000000
676	@natalie_ihw DONT BELIEVE YOU SPIDERLIE	5.000000
677	@ConstableChaos Let's see what the real jury thinks not the #TwiterJury - I suspect they will believe him	5.000000
678	Blair started out believing in God, then thought he was God. https://t.co/ZntEUgd6ht	5.000000
679	If that happened to me at work, best believe I'm getting as much money as I can from that place	5.000000
680	@guardian_sport @danroan. WH fans' violence ironically saved the taxpayer money. Make them play behind closed doors so no need 4 ANY seats	5.000000
681	FIFA telling us how to behave?? Really???? Support @PoppyLegion	3.000000
682	The beginnings of Movember and @WishyRose made me wear her hat: dark days. https://t.co/J5sVpkzH8X	3.000000
683	Was a fun day - tech run before filming took place!  Make sure you tune in this evening 8.30pm… https://t.co/2B67mOAEl8	3.000000
684	Right!   Did he receive election questions before the debate? NO!   Until a Judge finds him Guilty of these acclaim… https://t.co/FzC5UfwGyu	3.000000
685	As per usual I've got a stinking cold the day before a gig... __	3.000000
686	@LosDosMos My hands hurt from clapping, my throat hurts from yelling, head will hurt tomorrow from beer drinking. Good night!	3.000000
687	@FarnhamKnights @DovePubs Thanks for the like. We hope you might be able to make it for this historic event. Lots of great beers too!	4.000000
688	Finally finished the extension. Hall wall outside new bedroom @ Canvey https://t.co/NmiQ3LU91v	5.000000
689	Bedroom before Craig moved in @ Canvey https://t.co/hePZJ2jyuf	5.000000
690	@NiceGuyKenny I was watching a programme about the Arctic, then went to bed at 9	5.000000
691	I'm gagging for a 16 minute sunny session on bed 1 _	5.000000
692	@realDonaldTrump Become the Nemesis the much beloved many so desperately need, be righteous in truth, remove the masks/proxys draw the line	5.000000
693	7,679,955 people could have seen 'Extra 2,100' since its 1st mention until it became a Trending Topic. #trndnl	1.000000
694	1,095,192 people could have seen 'The High Court' since its 1st mention until it became a Trending Topic. #trndnl	1.000000
695	Beautiful piece by Kayne of a squaw with her horse and some traditional roses. For enquiries… https://t.co/vusoTWUTPN	1.000000
696	#TBT "What's The Matter With Madonna?" 'Beautiful Thing' #ThrowbackThursday @JOJEHARVEY @Tameka_Empson https://t.co/tDum5UnrMa	1.000000
697	Akar Skin – Tibetan Inspired Beauty - https://t.co/nRKoL5O30R	1.000000
698	Then proceeds to start shouting morning beautiful with his head stuck out the window. Started walking faster thought I'd lost him..	4.000000
699	Good luck to @AronSmith_ &amp; @LaurenTaylorlj getting married today, I hope you have a beautiful day _	4.000000
700	Beautiful morning #parkland #frost #stag @ Bedgebury Park https://t.co/tgszZC2CJI	4.000000
701	The most beautiful concert I have ever been to! Everything was just pure magic! Love you… https://t.co/vf2gF9zfsw	1.000000
702	@thelaurawright the support you  give to #charity is like you #remarkable. I'm so indebted to you, thank you beauti… https://t.co/SHjA9E9RIR	5.000000
703	everyone loves cake...combine the two! Beautiful Rose cupcakes_We can top a cake or create… https://t.co/e0Hmx2teBX	1.000000
704	Some beautiful buds for you on this fresh Thursday morning! _ #kimrhistudios #flowersofinstagram… https://t.co/LqlrwnnvdO	4.000000
705	@Theorossi just watched #BadHurt and it's such a beautiful film that resonates with you from beginning to end. Thank you for making it__	3.000000
706	Missed my first train to Old Street. Just beat that train to Finsbury Park with a direct train ! #trainwars #alwaysracing	2.000000
707	@BeardRaj morning Bro	4.000000
708	Happy bday to my loving girl wife lol @OXXXRachXXO love u loads	1.000000
709	@doctor_oxford @BBCNews This is STP talk. The most worrying and unachievable reorganisation I've experienced in the NHS	3.000000
710	And here was me thinking BBC 1 runs for 24 hours a day. So when is the "end" of each day's programmes? https://t.co/KIxudzVxfN	3.000000
711	BBC News - Thousands caught driving distracted twice over four years https://t.co/y0xNkNfsjM	5.000000
712	@Syrianali_ @loomisroberto That was a great battle....the IDF had 100's which later became 1000's. even with Tanks &amp	4.000000
713	What a show at the O2 last night by @bastilledan https://t.co/crjtLcHB7s	1.000000
714	Cannot get the songs out of my head since the concert on Tuesday @bastilledan thanks guys :) it was so cool!	1.000000
715	Congrats @Cubs! And well done, Theo. First 86 years, now 108 years. Unreal to see two baseball miracles in a lifetime. #FlyTheW	1.000000
716	I'm guessing the baseball World Series is a bit like the county cricket championship. Everyone's glad that someone finally won.	1.000000
717	that she had been a "qualified" "barrister"! Let us rephrase that: that she was a qualified barrister, "qualified" here meaning SUBJECT to!	3.000000
718	Tuning Centre #mot #mottestcentre #Barnet https://t.co/PeFLyLMWC7	3.000000
719	Get your car MOT at Barnet Service &amp	3.000000
720	MOT your car at Wraith Motors (London) Ltd #mot #mottestcentre #Barnet https://t.co/YLyqZghUtw	2.000000
721	MOT your car at Todaton Service Garage #mot #mottestcentre #Barnet https://t.co/YLyqZghUtw	3.000000
722	Check out Currie Motors Barnet for your next MOT #mot #mottestcentre #Barnet https://t.co/CBzYq7Yljw	2.000000
723	MOT your car at East Barnet Mot Centre #mot #mottestcentre #Barnet https://t.co/Ncr2JkWdBL	3.000000
724	Nothing more purposeful than a military band or an organisation that knows why it exists #NeverForget https://t.co/eHhGMPIwOp	5.000000
725	@HamadeRiad @AhmedmFeteha @alaashahine @business not quite a full float, they still have 10% bands on either side, but is a huge improvement	5.000000
726	There's a brass band playing the Dallas theme tune at Waterloo Station for some reason	4.000000
727	Brass band at Waterloo this morning. Parp! https://t.co/U6tJtv6I8U	4.000000
728	Spring bags @stellamccartney ______#vegan #fashion #ss17 @ Stella McCartney https://t.co/B8Sf2sckdD	5.000000
729	Schnitetts.Unfortunately in all the excitement I didn't get a stamped bag __but I'll still be in next week _	1.000000
730	@AutoPap carry your bag sir...	5.000000
731	No but how can I be getting called a prick for not putting ketchup in the bag	5.000000
732	exciting piece of theatre but baffling at… https://t.co/wgq24D50Yx	3.000000
733	Taking our seats for the wildly inventive yet baffling @Lazarus_Musical @ Kings Cross Theatre https://t.co/3gxVmtyI3r	3.000000
734	My bitches they bad and boujee	1.000000
735	@LIAMMARGINSON I'm in a bad way here pal	1.000000
736	@NickiFrenchie missed you this morning! Frost on the ground and water temp not too bad!	4.000000
737	@chassie72 feel like I'm gonna have a really bad day at school	1.000000
738	Morning Tweeps. Been moving house _, back to the world of Twitter _	3.000000
739	man I'm so drove ____ i wanna go back home _	1.000000
740	@20committee flynn knows rus fight  US backed  jihadis who murder christians -question is -whos in the wrong here ?	3.000000
741	#HighCourt decides decision lies:with democratically elected parliament or residual power of (unelected elite) monarchy Taking back control?	5.000000
742	2016: The year that 2015 was supposed to be! Back To The Future 2 comes true! #CubbiesWin #PowerLaces… https://t.co/7lTztn2KYN	5.000000
743	@JackButland_One how long till your back bud?	4.000000
744	I could've rode my bike to wrigley from uptown lol there was no way i'd pay an uber :( i wanna go back _	1.000000
745	I said, I wish I could go back to the beginning of the season and put a bet on the #Cubbies. #bttf2	1.000000
746	Up before 8am! Grrrrr must do lots then back to basket! Sounds like a plan	1.000000
747	Great to see Joe before he goes off travelling to Australia on Monday. Many funny times back at Harrow! Best of luc… https://t.co/QtkfsjST4h	3.000000
748	@UKbristolKeith  Go back to sleep, Keith. You need your beauty sleep. #skypapers	1.000000
749	Be still my beating heart - flavoured Christmas hot chocolate drinks are back in all good coffee shops. https://t.co/69QKzCpmCF	3.000000
750	Hot sauce in my bag #swag BEYONCÉ BOOTYCAMP IS BACK!! Sat Nov 19th 12-1.30pm @pineappledance… https://t.co/uVUrwJfNXJ	5.000000
751	Headed back to #LHR - this trip has gone by so fast. Definitely miss many people back here a little more than I thought.	4.000000
752	thanks baby girl__ love yaaaaa #pwg https://t.co/HTl0jzHmdv	1.000000
753	Awesome https://t.co/I20j3jcokX	3.000000
754	@jakebugg on  stage @o2academybrix photo taken by me with the awesome Fuji xt2 @fujifilm_uk… https://t.co/Qi3VvqextV	3.000000
755	@mashdirect thanks for the follow. And many congratulations on your awards last night at #FoodManAwards here's a #follobackinstantly _	3.000000
756	@SpacePootler @RantyHighwayman https://t.co/1oWwTLnjlS https://t.co/HDlY5tXLgV (p1049) and we are not even aware of habitus	3.000000
757	Relying heavily on paid Facebook to deliver new supporters/custom? Be aware 2017 news feed will show fewer ads. https://t.co/w2Hxb8K8PY	3.000000
758	@davidgold pretty sure you could have foreseen the carnage after letting away fans out at the SAME TIME as home fans ?	3.000000
759	Ready for a weekend away in Berlin! I wonder if there are any last min #OCR events going on? Or a nearby mountain to #climb _	3.000000
760	Can we all please not fall for click bait. If we ignore it long enough it will go away. Like this strange growth on my leg.	3.000000
761	I am still not convinced the MoJ can build 5 new prisons by 2020, however. It's really not very far away.	3.000000
762	@5liveSport Wow lets all get carried away! Last week in Spain, City was rubbish but now the best. Pep a busted flush &amp; now genius. Pathetic	1.000000
763	Have managed to avoid IOS 10. Any word on 10.1.1 yet?	3.000000
764	@jgenty7  No problem . Hopefully you avoid the curse of 100 which has seen most others soon leave	3.000000
765	@RealDysonator @LindtUK @RichieFirth Few in the uk but this and the best one in Madison Avenue NYC #pickandmix	5.000000
766	Hi @SpigenWorld your UK site says Neo Hybrid Crystal iPhone 7 case available Nov. If I order today, any idea when I'll receive it please?	3.000000
767	spending next wk in the #ScottishHighlands. #Autumn #latebooking from… https://t.co/oBvO5ThqPq	5.000000
768	Feel like I'm finally waking up on an autumn/winters day ___	4.000000
769	More fabulous #food in #brum have not been to @SanCarlo_Group for years must go soon loving the #autumn #menu https://t.co/elJT7TOo9N	2.000000
770	@EthanolH20 autumn weather, sejuk but trees are beautiful	4.000000
771	@hocwatch You were the one who claimed to be speaking for the public and I'm just enquiring what authority you have.	5.000000
772	Looking forward to attending the @ACFoundations #AnnualConference today with #AmiJenick , #Trust as the theme, should be an interesting day.	1.000000
773	@KSCFIndia @BBAIndia Going to get Mr Zuckerberg to attend? changing the world through girls’ education  https://t.co/qnP5lIaqbx	1.000000
774	It's funny how well-intentioned attempts to create autonomy for prisons may lead to centralised dictats on misguided performance measures.	5.000000
775	Breakfast, attempt 2. https://t.co/pDNZ09rcPx	3.000000
776	I certainly hope this is true, but in my opinion it's a 2 pronged attack we need; legal and protestural. I know,a m… https://t.co/9AdxXkfuTH	3.000000
777	South Korea among others att… https://t.co/wQ1b3pRfS6	1.000000
778	@Happy_Girl47 @SurreyDetective @DIRobHuddleston @SaltashPCSO @PurbeckPC @EssexPoliceSTN @rodevans6 I'm assuming mine's coming.....	3.000000
779	Well that's lovely. I assume it's part of the @britishlibrary #maps exhibition that starts tomorrow? https://t.co/fwHw2jcBF0	1.000000
780	@ohhmanemane @TheJoseEra swear he got the assist for Gray in the Burnley game?	2.000000
781	assistant store manager - LUXURY FINE JEWELLERY - https://t.co/I1pZ3mXv2F #Retail #London	2.000000
782	@susen63 try &amp; do my little bit by pre posting my gallery, but being during the night I'm normally, hopefully asleep. Have a nice day sweet.	3.000000
783	When agency ask you to take Polaroids this is how it looks when you do it yourself ____ @… https://t.co/9n599DrHao	1.000000
784	@bigweirdbaby ask him to join you	1.000000
785	@guido No way! I was going to ask you to do mine at #MageTitansMCR __	1.000000
786	Good morning world! #nailslikejewels nicolegalvin_london_ @artistic_nail #secrets @ Jade Angel… https://t.co/hCvAjYjWU7	2.000000
787	Graffiti artists have been busy alongside the rail track out of Paddington	4.000000
788	@Humphrey_scott @BCCCharles @caspertown42 @carrie_chill @BBCNews in essence article advocating NHS reconfiguration via STPs	3.000000
789	@WomensInstitute how can I send an invite to your London based members for an event on Mon morning on Civic Role of Arts Orgs?	2.000000
790	Jus the spuds embarrassing themselves with thousands more people to witness it __#arsenal let's all laugh at Totten… https://t.co/IvEbxjvxF5	5.000000
791	The first man I remember scoring for Arsenal. What a chap https://t.co/JpOXulveh2	5.000000
792	Happy birthday wrighty @IanWright0 only support the @arsenal because of you. #clublegend	5.000000
793	@Trovecc Will do - arriving Saturday __	3.000000
794	More trousers arriving tomorrow. We know you just love them! @VivOfHolloway #vivienofholloway… https://t.co/SOkqJdVHfW	1.000000
795	@Maxinekwokadams @simonhalsey I used @carmellimo12 They arrived early and got me to JFK in good time. Excellent service	3.000000
796	the day i have been dreading arrived. my 10yo sister has instagram. i guess it's a good thing, she'll be one of my… https://t.co/A6Q9Y7UNF9	1.000000
797	Sorry, I cannot go to work today, my new book arrived!	3.000000
798	First hard frost of winter around Wallingford &amp	4.000000
799	#Egaylity -  Bad news in Russia, Afghanistan; good news elsewhere - A mix of good news and bad news from around the… https://t.co/sbg7dMtzHe	3.000000
800	@FCPuneCity @iHrithik yep the Organge army will be victorious. #TogetherForPune ps nice hat!	1.000000
801	@randombrandon16 and a very long arm	1.000000
802	Please support the ladies and gentlemen of the armed forces collecting today #remembranceday #MakeThingsBetter #liveon	1.000000
803	ur area code is 216, u don't exist https://t.co/30qKTWdVs4	5.000000
804	@2011Thought @loomisroberto  The way U.S bombs indiscriminately including civilians areas....it might not take more than a month or 2	3.000000
805	@loomisroberto @Syrianali_ @ABinotto  I would say Hezbollah, man for man are the best Arab fighting Army. They are very close to western std	3.000000
806	On my way too meet some colleagues in @swasFT today, @SouthernRailUK heating on the trains would have been appreciated ____	4.000000
807	Don't appreciate this cold weather this morning _	4.000000
808	Infuriating when (as last night) you reorganise meals &amp; commitments round tradesman appointment, then it's a silent no show.	3.000000
809	Hi @hrbfc can I apply for Junior membership (for my son!) online or only via a form from the ground?	2.000000
810	We're #hiring! Click to apply: Store manager &amp	2.000000
811	See our latest #London #job and click to apply: Compliance Professional, Integrity Due Diligence - https://t.co/Kyy2ocFEgx #LEGO #Legal	2.000000
812	See our latest #Slough #job and click to apply: Online Optimisation Manager - https://t.co/ykBxrAzpD8 #SocialMedia #Hiring #CareerArc	2.000000
813	“Apple’s Philip Schiller talks computers, touchscreens and voice on the new MacBook Pro” — passionate interview  https://t.co/l76xt4JI5t	1.000000
814	I appear to have swallowed a bucket of razor blades #ouch	3.000000
815	@SickboyT2 the 1st mention of #T2trainspotting appears on your TL. Now is Trending Topic in United Kingdom! #trndnl	3.000000
816	@ADevotedYogi, it appears to be true that you could have typed “- [you] are amazingly” instead. ‘You’ are; ‘your’ belongs to ‘you’.	3.000000
817	@Solitoliquido the 1st mention of 'The High Court' appears on your TL. Now is Trending Topic in United Kingdom! #trndnl	3.000000
818	@BBCNews the 1st mention of 'Extra 2,100' appears on your TL. Now is Trending Topic in United Kingdom! #trndnl	3.000000
819	Apparently Citymapper HATES the DLR. But why?	5.000000
820	Chelsea FC - formed 2003 apparently __ https://t.co/9m5jqHu27t	5.000000
821	Apparently one in five Brits have shared a #food picture online in the past month. So here is my… https://t.co/vtfKnVV6A2	3.000000
822	@TheMMP1 get this app to see how particular MPs voted on this&amp	1.000000
823	Feeling quite excited about the new @Uber app launch this month https://t.co/wfaSUgjyX6	1.000000
824	@Cornelius_CBS @twickerati @Twickenham_App @twicktownbiz @TwickenhamAlive people and schools should go and see this https://t.co/kFZHOQ0eGP	1.000000
825	@sagheerosman @mufcpundit_ he's had a few injuries that haven't helped too, we haven't got loads of alternatives anyway right now.....	5.000000
826	Hula Hoop by OMI is #nowplaying in Anytime Fitness Raynes Park, London.	2.000000
827	All We Know by The Chainsmokers Featuring Phoebe Ryan is #nowplaying in Anytime Fitness Demo.	3.000000
828	Cold Water by Major Lazer Featuring Justin Bieber And MO is #nowplaying in Anytime Fitness Demo.	2.000000
829	Haven't seen anything like this for a while... marcin_noga Does this… https://t.co/KnFv9Up10f	5.000000
830	Can't think of anything sadder than seated gigs	3.000000
831	This retard would fall for anything _ https://t.co/ximhkYUqUI	5.000000
832	@Caric_ @VincentDanie_l seriously people should pass an IQ test before publishing anything...	5.000000
833	Anyone just see Liz Truss on @BBCBreakfast saying a whole lot of nothing?	5.000000
834	High Maintenance Skin Membership is perfect for anyone with a skin problem. This 6 month… https://t.co/dDkYGdUffl	5.000000
835	Can you recommend anyone for this #job? Fibre Civils/On-Site Supervisor - https://t.co/W5IMUMRlUD #Ericsson… https://t.co/x2RAfCm0kO	3.000000
836	Can you recommend anyone for this #job in #Chorleywood? https://t.co/SVRHIPhxns #Healthcare #Hiring #CareerArc	2.000000
837	Can you recommend anyone for this #job in #London, England? https://t.co/Y0VyUHSYso #Sales #Hiring #CareerArc	2.000000
838	anyone free tonight 4 a little drinky &amp; a little special look around the retail pods @ Place/Ladywell, please come! https://t.co/C8ATghEh1o	3.000000
839	#ThrowbackThursday when milo first got this radiator bed....which he never uses anymore!!! ___ #CatsOfTwitter… https://t.co/DmxfGENvBe	5.000000
840	@SieurdePonthieu  not even funny anymore. It's all a big joke to them. Did you hear Banks laughing on #r4today yesterday ?	5.000000
841	A282 northbound between A296/A225 and A206 | Anti-Clockwise | Congestion: Location : The M25… https://t.co/r8Ga7D1QNl #stalbans #harpenden	5.000000
842	M25 anti-clockwise between J27 and J26 | Anti-Clockwise | Road Works: Status : Pending. Lane… https://t.co/22H40Sqa3X #stalbans #harpenden	5.000000
843	And not too soon.Patients put at risk by another bungled unnecessary government policy with still no sign of when w… https://t.co/iGOP8D2Vka	5.000000
844	Happy to teach another @WSETuk level 2 for new students @HospHouse14 college #wine #winetraining #restaurant… https://t.co/zIZdlAwNzy	1.000000
845	Another fine collection this morning #interspaceindustries #audiovisualhire #microcue… https://t.co/GJNn5Bwd86	4.000000
846	Central Italy hit by another earthquake https://t.co/nzVA04BXDH Oh God! _	5.000000
847	@GoZwift @rouleurclassic Well unfortunately due to another @RMTunion strike on @SouthernRailUK I won't be attending ______________________	1.000000
848	Another day another gig! Looking forward to debating the future of #AI w/ @mrtomollerton @wearesocial London from 4pm today #ThinkForward __	2.000000
849	Plans for new Wellingborough prison to be announced - https://t.co/83LGH0OPUW https://t.co/2yDdcTZGL1	5.000000
850	Dear #UNESCO   We in India are looking for validation. Can you please announce a list of  "Best Ever" for India. Our national list is weak.	5.000000
851	by far the most animated I've ever seen a London crowd. Me &amp	3.000000
852	@crapolatombola @UKNikon Fucking jelly, she makes fucking jelly. Boiled up animals juice, she reconstitutes that. Mm nice.	1.000000
853	Morning greetings from my 3 brand new animal cards.  _ #thankyou #happybirthday #goodluck #zebra… https://t.co/8hcBg7eYPA	4.000000
854	Craigs bedroom 2nd angle @ Canvey https://t.co/uUMnTSuoK5	5.000000
855	#Top3Apps for 'Extra 2,100'  Twitter for iPhone 15% Twitter for Android 14% Google 10%	3.000000
856	A female android designed to be a secretary or receptionist... oh dear https://t.co/BBAJd5XJjg	5.000000
857	#Top3Apps for 'The High Court'  Twitter for Android 48% Twitter for iPhone 19% Twitter Web Client 9%	3.000000
858	_ #TGFonE4 _ #WorldSeries _ Real Madrid _ Andy Carroll _ Sissoko  2016/11/3 01:14 GMT #trndnl https://t.co/do7Hdxwcnc	3.000000
859	Just read about the Andy Carroll attempted "stick-up" story, which seems very intriguing indeed.	3.000000
860	@amNugenting as a woman of Irish descent, this genuinely makes me feel so sad :( https://t.co/usK2qoQXQy	1.000000
861	Sent revised 'LIONCLAD' outline to @amNugenting MS #amediting continues tnite.For now back to the World of the Working after near 2 wks off!	1.000000
862	This-----» If @realDonaldTrump wins US election, I’ll destroy my American green card... - Wole Soyinka	5.000000
863	Mate, can't you see irony of a Yank telling me to keep my opinions to myself? @Bloomdeckme @daseinsystem @KillerMartinis Like Americans do?	5.000000
864	This really was amazing.  She has so much to say about being human. https://t.co/Vn7k9zCfzH	5.000000
865	This morning I'm feeling incredibly grateful for everyone and everything I have in my life. Life is such an amazing gift _	1.000000
866	These toonz are AMAZING! @FLEXFMUK 4-2-da floor #GarageClassics keep em' coming! https://t.co/eyQpy1gmVy	3.000000
867	this isn't an epidemic?! The UK is so fortunate to have amazing charities like @Shelter… https://t.co/Z9A7hAeo1A	3.000000
868	@yazonlinex HAPPY BIRTHDAY I LOVE YOUR VIDEOS AND YOU! HAVE AN AMAZING DAY___	1.000000
869	Looks cute, tastes amazing! @HitachinoHK #craftbeer #owls #beer #London #beerlovers https://t.co/dSJCaa31pe	2.000000
870	Can always trust @JacobSeickell to tag me in a shark video, the man of my dreams #tickingalltheboxes	1.000000
871	@Brendanvanson I try and format when I move the ORFs onto my mac and backup. But, there is always that sense of dread.	1.000000
872	I was blessed in that the greatest gift my parents gave me was a love of books. And they always told me to look things up.	1.000000
873	drunk selfies are always the best https://t.co/b1BaoogPpm	1.000000
874	Happy birthday to a beautiful best friend of mine __love always princess @sorcha_kane ____ https://t.co/2GUzuenHMx	1.000000
875	Thursday 7.49am and I've already swam 30 lengths ________	4.000000
876	@happywilmore I thought you were ___ already ? _	1.000000
877	@pointbmusic my intention is to continue. I feel so much better already.	5.000000
878	I need to go back to sleep already_	1.000000
879	@GAPGroupHire thanks for the tweet! Will Gap be coming along next week? Be great to see you at the event. _	4.000000
880	@alex_book read this this before seeing your name and thought - wow there are two ex banker brand strategists in th… https://t.co/rjXtstQ1z0	3.000000
881	Trend Alert: #T2trainspotting. More trends at https://t.co/do7Hdxwcnc #trndnl https://t.co/dvMwXtV3vf	3.000000
882	Trend Alert: 'Trainspotting 2'. More trends at https://t.co/do7Hdxwcnc #trndnl https://t.co/11STUwGhA9	3.000000
883	Trend Alert: #NationalSandwichDay. More trends at https://t.co/do7Hdxwcnc #trndnl https://t.co/99YoPP01Ir	5.000000
884	Trend Alert: 'Extra 2,100'. More trends at https://t.co/do7Hdxwcnc #trndnl https://t.co/t02fYZVJDv	3.000000
885	Trend Alert: 'World Cup Qualifier'. More trends at https://t.co/do7Hdxwcnc #trndnl https://t.co/wtY1l1ZeHz	3.000000
886	Trend Alert: 'The High Court'. More trends at https://t.co/do7Hdxwcnc #trndnl https://t.co/Kdlb2iHO7g	3.000000
887	@GoodairTom don't even want to sleep late, just wanna not be woke up by my alarm. noise goes through me	3.000000
888	Mark bent his personality to fit in with people, which was why the boot lacing thing was an alarm bell. He was v brainy but didn't QUESTION.	1.000000
889	1996-2016: 2 decades of Al-Jazeera (Arabic &amp; English). Controversial at times, @AJArabic + @AJEnglish have empowered &amp; educated huge masses.	5.000000
890	Hi @British_Airways, I have a strange question for you. Do you think this kitchen tool will be allowed in a cabin l… https://t.co/KTt3LGIQ46	5.000000
891	CRYING TO MYSELF AT HEATHROW AIRPORT BECAUSE THE CHICAGO CUBS ARE WORLD SERIES CHAMPIONS #FLYTHEDAMNW  https://t.co/vQlf5gCdtf	3.000000
892	24 hour cars to/from #London #Luton #Airport #Heathrow #Stansted #Gatwick #Harrow #Harpenden… https://t.co/ITCi0WeiRo	2.000000
893	Gonna miss the boyf ain't I! Sadhappy. Madrid will be nice though.	1.000000
894	Feeling hacked? You ain't seen nothin' yet!! Download Uber at your peril and don't say you haven't been warned! https://t.co/sTjqHtBYlP	1.000000
895	@diamond_truth Brrr you ain't kiding just been out with the dog #BrassMonkeys	1.000000
896	Morning @GBCBenLynch we are listening to the show @RGBandandDrums ahead of inspection very shortly! #shoutout	4.000000
897	Have a Good day Ahead Lala _. https://t.co/Irey0eaxRN	3.000000
898	@PoliticsPeach Good Mornin' Lioness - have a wonderful day ahead! https://t.co/5dxD8iCHCM	4.000000
899	Looking forward to #CXB2B in London today - a great agenda ahead! See you there... @MarketingB2B #WyattLife https://t.co/SaFXja4UUE	3.000000
900	Another loooooooong day ahead _	3.000000
901	@katsmithyy87 True..Anyway I suppose you have another busy day ahead.	3.000000
902	@boobygraffoe Ah Spike. His part in my sense of humour.	1.000000
903	Ah, if every family can have a room in a B&amp;B, that's OK, isn't it? https://t.co/IZ6ve8vco2	5.000000
904	@barratt_carly ah would have loved to but just getting back from holiday that night!	1.000000
905	@jamsovaluesmart @LedaGlyptis @FinTechInsiders @davidbrear @_freddymac agree this is critical. But only in removing the friction points	5.000000
906	@AndrewinBelfast @MissFreni @bmur3660 @WeirdScienceDC @EricLShea @reggiereggie @AfrinAddict agreed! What is it? I might get it for the cover	3.000000
907	@RLine_13 I couldn't agree more, I just wouldn't have put it on the 3rd.	5.000000
908	A year ago today I started my job __ #citygirl #citylife	3.000000
909	#throwbackthursday 26years ago at my first #birthday ____ #happybirthdaytome #mebaby #memories… https://t.co/T5n5ieZJEy	5.000000
910	#TBT some 37 years ago the first and best Sunday football team I ever played for #Falconfc… https://t.co/qehqloLDwH	5.000000
911	So, I sent 3 items, 2 weeks ago, 1st class and none arrived. I can only imagine it's something to do with the post box. What do I do? _	1.000000
912	It's an amazing thing to see, only there two weeks ago.....hope it can be saved #Rome https://t.co/JB8beHiwqx	1.000000
913	Watch the @England’s final game of 2016 against Spain @wembleystadium. Tickets on sale here: https://t.co/VQRZmXMSl2  #TogetherForEngland	2.000000
914	@bucksfreepress Let's hope @MATatBucks is as vociferous and energetic in his campaign against Heathrow as he has been for #HS2	4.000000
915	@CathyYoung63 Are you familiar with this story? Media fawning over fictitious battle against sexism. https://t.co/XTlKykUbc5	4.000000
916	Three in my area voted against and only one for the motion Will publish the info for pharmacy users in our area https://t.co/QUcNDtKIJo	5.000000
917	@katsmithyy87 Oh to be in my twenties again.Just realised im 30 years older  than you. #DepressedSuddenly	5.000000
918	Morning all . There's that view again, lamborghini world at work. #rtuk #reviewthisuk #yiannimize #carporn… https://t.co/Lk5dYU8Ao8	4.000000
919	Tottenham Hotspur it's happened again	5.000000
920	@SalsaManManny we going again next year #Giants	5.000000
921	Taylor Swift again tops Highest Paid Female Musicians list https://t.co/Z38K3Ms37z https://t.co/7Ur4KMCosB	5.000000
922	@LedaGlyptis  @FinTechInsiders @davidbrear @_freddymac - I don't think I'll ever look at a £5 note the same ever again.	5.000000
923	Train is on time again. I could fall over from shock. Except I can't cos it's so rammed I can't move anywhere. More carriages pls @TLRailUK	5.000000
924	It's that time of year again... wedding shows! We'll be at Sattavis Patidar Centre showcasing… https://t.co/d0gyrR8FjR	5.000000
925	He creeps up AGAIN through the traffic and proceeds to ask do I want a lift to the station. No creepy pest. I do not.	5.000000
926	@SkyFootball Here we go again - Scouse Panto time. "This is the year!-Oh no it's not! "Sky Red Mafia mouthing off again	3.000000
927	The Lord says, “I will guide you along the best pathway for your life. I will advise you and watch over y… (What a promise!! PS: YOUR life)	3.000000
928	@Al_prof @geoffbiosci @DrCSGill - urself to explain to her - alone - something she clearly already knows. I advise proceed with caution.	1.000000
929	This WEEK Monika Juneja was forced to admit she broke the "law" in Guildford last month when her latest corruption enterprise failed.	3.000000
930	Did you know that 'Admiral' was Trending Topic on Wednesday 2 for 9 hours in United Kingdom? https://t.co/OI39P72dzc #trndnl	3.000000
931	@fminside morning guys, is there a link for an #fm17 cut out face pack or lower leagues add on yet?	4.000000
932	First frost in #Dorking not heavy, but adds an #autumn look to garden. https://t.co/wg2lnWhL40	4.000000
933	And yet another sleepless night to add to the list... Its driving me crazy!!! #LetMeSleep _	5.000000
934	I'm actually tuned in	5.000000
935	Yesterday I thought it was Thursday - today is actually Thursday. #Dragging	4.000000
936	Mixed raced hair is actually very hard to take care off, it's not that deep smh https://t.co/vBjAvl8nUB	3.000000
937	I just got cat called the whole way to the train station. As in this car actually followed me. Man first starts waving &amp	5.000000
938	Actually several of our interns now have a full time job within the business and we have helped many others find jo… https://t.co/RHarY5WlFk	3.000000
939	actually, to compare wearing an important symbol  to the ongoing deaths of people building stadia means YOU don't u… https://t.co/6TOQixzCnQ	5.000000
940	U know when the person next to u on bus has their music on so loud u can hear it too?  Well it's actually a good song. Thanks for that bud.	4.000000
941	@JulieForBurnley I watched live. You were brilliant. Actually there were numerous brilliant speeches. Let's hope @mowat4ws was listening	4.000000
942	This is awesome. With new uber app you can actually chase someone, Jimmy Cagney style. #followthatcar https://t.co/JRhJzKv5Uy	1.000000
943	@ProfMike_M @Law_and_policy @HuffPostUK don't be fooled y'all he knows exactly what he's saying, now actively undermining brexit	3.000000
944	@Asma_Jahangir @abbasnasir59 that's what a proceeding is nothing ironical in this! Your sudden activism in this matter is ironic actually!	5.000000
945	#tbt to my shoot with the lovely @thenadiameli - and the kitty who wanted in on the action!… https://t.co/G88NHyJOBB	2.000000
946	Looking forward to following all the action at today's @capital_nurse conference #capitalnurse #London #nursing @WeNurses @NHS_HealthEdEng	2.000000
947	Jamie Vardy is getting a giant poppy tattoo on his face in act of defiance to FIFA	5.000000
948	Such a moving, terrible account of forced adoption on #r4today right now	1.000000
949	We're #hiring! Read about our latest #job opening here: Account Executive, Hybrid - https://t.co/TDKHSYcggg #delljobs #Brentford	2.000000
950	@MartinSLewis shouldn't @santanderuk cut their high account fee as they have cut their interest rate by 50%....? #unfairbanking	4.000000
951	2 verified accounts helped to turn 'Extra 2,100' into a Trending Topic. These accounts were: @BBCNews &amp; @DavidHansonMP — #trndnl	3.000000
952	Does anyone have early access to the new @instagram #ecommerce tagging feature? Would be really interested to hear more.	3.000000
953	Why do men think that's acceptable? Its 7 in the morning I'm just out here trying to get to work fam.	3.000000
954	@AndrewAbraham11 @ContactCounts @CoachingFamily  interesting courses with lots of value,just no relation to work at those academies at 8-11	5.000000
955	Looking forward to welcoming future sixth formers to look around the Academy today for our level 3 open event #excellence #alevels #Ucl	4.000000
956	Amazing night with my Bro @michaelgonline at Brixton Academy. The amazing @QueensChristine if… https://t.co/gqmrOGR7l1	1.000000
957	For one night only! #SilenceoftheSnow, abt the life of #PatrickHamilton  #HangoverSquare 14th November https://t.co/Jri8HBfMQq Recommended!	2.000000
958	What do u know abt Pac's Life ? #Classic https://t.co/cozeLg3oRQ	4.000000
959	So kind,@FlamencoFan20 Everything I know abt stains I learned from #MarthaStewart. Brilliant woman,encyclopædic,scientific. @IsabelOakeshott	1.000000
960	James @_jameslt embrace every emotion coming at you and enjoy your moment! Absolutely incredible...Big hug ___ https://t.co/GAl3nfu6ih	2.000000
961	Would love to be back in Wales getting absolutely smacked up by consistent 4ft Waves I tell ya _ https://t.co/LNiRP0i3tN	1.000000